"CATEGORY","VERSION","UNIT","JURISDICTION","CANONICAL_URL","IDENTIFIER","SPDX_IDENTIFIER","TITLE","LANGUAGE_DEFAULT"
"licenses","1.0","by","","https://creativecommons.org/licenses/by/1.0/","CC BY 1.0","CC-BY-1.0","Attribution 1.0 Generic","en"
"licenses","1.0","by","fi","https://creativecommons.org/licenses/by/1.0/fi/","CC BY 1.0 FI","","Nimi Mainittava 1.0","fi"
"licenses","1.0","by","il","https://creativecommons.org/licenses/by/1.0/il/","CC BY 1.0 IL","","Attribution 1.0 Israel","en"
"licenses","1.0","by","nl","https://creativecommons.org/licenses/by/1.0/nl/","CC BY 1.0 NL","","Naamsvermelding 1.0","nl"
"licenses","1.0","by-nc","","https://creativecommons.org/licenses/by-nc/1.0/","CC BY-NC 1.0","CC-BY-NC-1.0","Attribution-NonCommercial 1.0 Generic","en"
"licenses","1.0","by-nc","fi","https://creativecommons.org/licenses/by-nc/1.0/fi/","CC BY-NC 1.0 FI","","Nimi Mainittava - Ei kaupalliseen käyttöön 1.0","fi"
"licenses","1.0","by-nc","il","https://creativecommons.org/licenses/by-nc/1.0/il/","CC BY-NC 1.0 IL","","Attribution-NonCommercial 1.0 Israel","en"
"licenses","1.0","by-nc","nl","https://creativecommons.org/licenses/by-nc/1.0/nl/","CC BY-NC 1.0 NL","","Naamsvermelding-NietCommercieel 1.0","nl"
"licenses","1.0","by-nc-sa","","https://creativecommons.org/licenses/by-nc-sa/1.0/","CC BY-NC-SA 1.0","CC-BY-NC-SA-1.0","Attribution-NonCommercial-ShareAlike 1.0 Generic","en"
"licenses","1.0","by-nc-sa","fi","https://creativecommons.org/licenses/by-nc-sa/1.0/fi/","CC BY-NC-SA 1.0 FI","","Nimi Mainittava - Ei kaupalliseen käyttöön - Sama lisenssi 1.0","fi"
"licenses","1.0","by-nc-sa","il","https://creativecommons.org/licenses/by-nc-sa/1.0/il/","CC BY-NC-SA 1.0 IL","","Attribution-NonCommercial-ShareAlike 1.0 Israel","en"
"licenses","1.0","by-nc-sa","nl","https://creativecommons.org/licenses/by-nc-sa/1.0/nl/","CC BY-NC-SA 1.0 NL","","Naamsvermelding-NietCommercieel-GelijkDelen 1.0","nl"
"licenses","1.0","by-nd","","https://creativecommons.org/licenses/by-nd/1.0/","CC BY-ND 1.0","CC-BY-ND-1.0","Attribution-NoDerivs 1.0 Generic","en"
"licenses","1.0","by-nd","fi","https://creativecommons.org/licenses/by-nd/1.0/fi/","CC BY-ND 1.0 FI","","Nimi Mainittava Ei Jälkiperäisiä teoksia 1.0","fi"
"licenses","1.0","by-nd","il","https://creativecommons.org/licenses/by-nd/1.0/il/","CC BY-ND 1.0 IL","","Attribution-NoDerivs 1.0 Israel","en"
"licenses","1.0","by-nd","nl","https://creativecommons.org/licenses/by-nd/1.0/nl/","CC BY-ND 1.0 NL","","Naamsvermelding-GeenAfgeleideWerken 1.0","nl"
"licenses","1.0","by-nd-nc","","https://creativecommons.org/licenses/by-nd-nc/1.0/","CC BY-ND-NC 1.0","CC-BY-NC-ND-1.0","Attribution-NoDerivs-NonCommercial 1.0 Generic","en"
"licenses","1.0","by-nd-nc","fi","https://creativecommons.org/licenses/by-nd-nc/1.0/fi/","CC BY-ND-NC 1.0 FI","","Nimi Mainittava - Ei Jälkiperäisiä teoksia - Ei kaupalliseen käyttöön 1.0","fi"
"licenses","1.0","by-nd-nc","il","https://creativecommons.org/licenses/by-nd-nc/1.0/il/","CC BY-ND-NC 1.0 IL","","Attribution-NoDerivs-NonCommercial 1.0 Israel","en"
"licenses","1.0","by-nd-nc","nl","https://creativecommons.org/licenses/by-nd-nc/1.0/nl/","CC BY-ND-NC 1.0 NL","","Naamsvermelding-GeenAfgeleideWerken-NietCommercieel 1.0","nl"
"licenses","1.0","by-sa","","https://creativecommons.org/licenses/by-sa/1.0/","CC BY-SA 1.0","CC-BY-SA-1.0","Attribution-ShareAlike 1.0 Generic","en"
"licenses","1.0","by-sa","fi","https://creativecommons.org/licenses/by-sa/1.0/fi/","CC BY-SA 1.0 FI","","Nimi Mainittava - Sama lisenssi 1.0","fi"
"licenses","1.0","by-sa","il","https://creativecommons.org/licenses/by-sa/1.0/il/","CC BY-SA 1.0 IL","","Attribution-ShareAlike 1.0 Israel","en"
"licenses","1.0","by-sa","nl","https://creativecommons.org/licenses/by-sa/1.0/nl/","CC BY-SA 1.0 NL","","Naamsvermelding-GelijkDelen 1.0","nl"
"licenses","1.0","nc","","https://creativecommons.org/licenses/nc/1.0/","CC NC 1.0","","NonCommercial 1.0 Generic","en"
"licenses","1.0","nc","fi","https://creativecommons.org/licenses/nc/1.0/fi/","CC NC 1.0 FI","","Ei kaupalliseen käyttöön 1.0","fi"
"licenses","1.0","nc","nl","https://creativecommons.org/licenses/nc/1.0/nl/","CC NC 1.0 NL","","NietCommercieel 1.0","nl"
"licenses","1.0","nc-sa","","https://creativecommons.org/licenses/nc-sa/1.0/","CC NC-SA 1.0","","NonCommercial-ShareAlike 1.0 Generic","en"
"licenses","1.0","nc-sa","fi","https://creativecommons.org/licenses/nc-sa/1.0/fi/","CC NC-SA 1.0 FI","","Ei kaupalliseen käyttöön - Sama lisenssi 1.0","fi"
"licenses","1.0","nc-sa","nl","https://creativecommons.org/licenses/nc-sa/1.0/nl/","CC NC-SA 1.0 NL","","NietCommercieel-GelijkDelen 1.0","nl"
"licenses","1.0","nc-sampling+","","https://creativecommons.org/licenses/nc-sampling+/1.0/","CC NC-SAMPLING+ 1.0","","NonCommercial Sampling Plus 1.0 Generic","en"
"licenses","1.0","nc-sampling+","tw","https://creativecommons.org/licenses/nc-sampling+/1.0/tw/","CC NC-SAMPLING+ 1.0 TW","","非商業性特別取樣 1.0 台灣","zh-hant"
"licenses","1.0","nd","","https://creativecommons.org/licenses/nd/1.0/","CC ND 1.0","","NoDerivs 1.0 Generic","en"
"licenses","1.0","nd","fi","https://creativecommons.org/licenses/nd/1.0/fi/","CC ND 1.0 FI","","Ei Jälkiperäisiä teoksia 1.0","fi"
"licenses","1.0","nd","nl","https://creativecommons.org/licenses/nd/1.0/nl/","CC ND 1.0 NL","","GeenAfgeleideWerken 1.0","nl"
"licenses","1.0","nd-nc","","https://creativecommons.org/licenses/nd-nc/1.0/","CC ND-NC 1.0","","NoDerivs-NonCommercial 1.0 Generic","en"
"licenses","1.0","nd-nc","fi","https://creativecommons.org/licenses/nd-nc/1.0/fi/","CC ND-NC 1.0 FI","","Ei Jälkiperäisiä teoksia - Ei kaupalliseen käyttöön 1.0","fi"
"licenses","1.0","nd-nc","nl","https://creativecommons.org/licenses/nd-nc/1.0/nl/","CC ND-NC 1.0 NL","","GeenAfgeleideWerken-NietCommercieel 1.0","nl"
"licenses","1.0","sa","","https://creativecommons.org/licenses/sa/1.0/","CC SA 1.0","CC-SA-1.0","ShareAlike 1.0 Generic","en"
"licenses","1.0","sa","fi","https://creativecommons.org/licenses/sa/1.0/fi/","CC SA 1.0 FI","","Sama lisenssi 1.0","fi"
"licenses","1.0","sa","nl","https://creativecommons.org/licenses/sa/1.0/nl/","CC SA 1.0 NL","","GelijkDelen 1.0","nl"
"licenses","1.0","sampling","","https://creativecommons.org/licenses/sampling/1.0/","CC SAMPLING 1.0","","Sampling 1.0 Generic","en"
"licenses","1.0","sampling","br","https://creativecommons.org/licenses/sampling/1.0/br/","CC SAMPLING 1.0 BR","","Licença de Recombinação 1.0","pt-br"
"licenses","1.0","sampling","tw","https://creativecommons.org/licenses/sampling/1.0/tw/","CC SAMPLING 1.0 TW","","取樣 1.0 台灣","zh-hant"
"licenses","1.0","sampling+","","https://creativecommons.org/licenses/sampling+/1.0/","CC SAMPLING+ 1.0","","Sampling Plus 1.0 Generic","en"
"licenses","1.0","sampling+","br","https://creativecommons.org/licenses/sampling+/1.0/br/","CC SAMPLING+ 1.0 BR","","Licença de Recombinação Plus 1.0","pt-br"
"licenses","1.0","sampling+","de","https://creativecommons.org/licenses/sampling+/1.0/de/","CC SAMPLING+ 1.0 DE","","Deutsche Sampling Plus 1.0","de"
"licenses","1.0","sampling+","tw","https://creativecommons.org/licenses/sampling+/1.0/tw/","CC SAMPLING+ 1.0 TW","","特別取樣 1.0 台灣","zh-hant"
"licenses","2.0","by","","https://creativecommons.org/licenses/by/2.0/","CC BY 2.0","CC-BY-2.0","Attribution 2.0 Generic","en"
"licenses","2.0","by","at","https://creativecommons.org/licenses/by/2.0/at/","CC BY 2.0 AT","","Namensnennung 2.0","de"
"licenses","2.0","by","au","https://creativecommons.org/licenses/by/2.0/au/","CC BY 2.0 AU","","Attribution 2.0 Australia","en"
"licenses","2.0","by","be","https://creativecommons.org/licenses/by/2.0/be/","CC BY 2.0 BE","","Attribution 2.0","fr"
"licenses","2.0","by","br","https://creativecommons.org/licenses/by/2.0/br/","CC BY 2.0 BR","","Atribuição 2.0","pt-br"
"licenses","2.0","by","ca","https://creativecommons.org/licenses/by/2.0/ca/","CC BY 2.0 CA","","Attribution 2.0 Canada","en"
"licenses","2.0","by","cl","https://creativecommons.org/licenses/by/2.0/cl/","CC BY 2.0 CL","","Atribución 2.0 (Chile)","es"
"licenses","2.0","by","de","https://creativecommons.org/licenses/by/2.0/de/","CC BY 2.0 DE","","Namensnennung 2.0","de"
"licenses","2.0","by","es","https://creativecommons.org/licenses/by/2.0/es/","CC BY 2.0 ES","","Reconocimiento 2.0","es"
"licenses","2.0","by","fr","https://creativecommons.org/licenses/by/2.0/fr/","CC BY 2.0 FR","","Paternité - 2.0","fr"
"licenses","2.0","by","hr","https://creativecommons.org/licenses/by/2.0/hr/","CC BY 2.0 HR","","Imenovanje 2.0","hr"
"licenses","2.0","by","it","https://creativecommons.org/licenses/by/2.0/it/","CC BY 2.0 IT","","Attribuzione 2.0 (ITALIA)","it"
"licenses","2.0","by","jp","https://creativecommons.org/licenses/by/2.0/jp/","CC BY 2.0 JP","","アトリビューション 2.0（帰属）","ja"
"licenses","2.0","by","kr","https://creativecommons.org/licenses/by/2.0/kr/","CC BY 2.0 KR","","저작자표시 2.0","ko"
"licenses","2.0","by","nl","https://creativecommons.org/licenses/by/2.0/nl/","CC BY 2.0 NL","","Naamsvermelding 2.0","nl"
"licenses","2.0","by","pl","https://creativecommons.org/licenses/by/2.0/pl/","CC BY 2.0 PL","","Uznanie autorstwa 2.0","pl"
"licenses","2.0","by","tw","https://creativecommons.org/licenses/by/2.0/tw/","CC BY 2.0 TW","","姓名標示 2.0 台灣","zh-hant"
"licenses","2.0","by","uk","https://creativecommons.org/licenses/by/2.0/uk/","CC BY 2.0 UK","","Attribution 2.0 UK: England & Wales","en"
"licenses","2.0","by","za","https://creativecommons.org/licenses/by/2.0/za/","CC BY 2.0 ZA","","Attribution 2.0 South Africa","en"
"licenses","2.0","by-nc","","https://creativecommons.org/licenses/by-nc/2.0/","CC BY-NC 2.0","CC-BY-NC-2.0","Attribution-NonCommercial 2.0 Generic","en"
"licenses","2.0","by-nc","at","https://creativecommons.org/licenses/by-nc/2.0/at/","CC BY-NC 2.0 AT","","Namensnennung - Nicht-kommerziell 2.0","de"
"licenses","2.0","by-nc","au","https://creativecommons.org/licenses/by-nc/2.0/au/","CC BY-NC 2.0 AU","","Attribution-NonCommercial 2.0 Australia","en"
"licenses","2.0","by-nc","be","https://creativecommons.org/licenses/by-nc/2.0/be/","CC BY-NC 2.0 BE","","Attribution - Non Commercial 2.0","fr"
"licenses","2.0","by-nc","br","https://creativecommons.org/licenses/by-nc/2.0/br/","CC BY-NC 2.0 BR","","Atribuição - Uso não-Comercial 2.0","pt-br"
"licenses","2.0","by-nc","ca","https://creativecommons.org/licenses/by-nc/2.0/ca/","CC BY-NC 2.0 CA","","Attribution-NonCommercial 2.0 Canada","en"
"licenses","2.0","by-nc","cl","https://creativecommons.org/licenses/by-nc/2.0/cl/","CC BY-NC 2.0 CL","","Atribución-NoComercial 2.0 (Chile)","es"
"licenses","2.0","by-nc","de","https://creativecommons.org/licenses/by-nc/2.0/de/","CC BY-NC 2.0 DE","","Namensnennung","de"
"licenses","2.0","by-nc","es","https://creativecommons.org/licenses/by-nc/2.0/es/","CC BY-NC 2.0 ES","","Reconocimiento-NoComercial 2.0","es"
"licenses","2.0","by-nc","fr","https://creativecommons.org/licenses/by-nc/2.0/fr/","CC BY-NC 2.0 FR","","Paternité - Pas d'Utilisation Commerciale 2.0","fr"
"licenses","2.0","by-nc","hr","https://creativecommons.org/licenses/by-nc/2.0/hr/","CC BY-NC 2.0 HR","","Imenovanje-Nekomercijalno 2.0","hr"
"licenses","2.0","by-nc","it","https://creativecommons.org/licenses/by-nc/2.0/it/","CC BY-NC 2.0 IT","","Attribuzione–NonCommerciale 2.0 (ITALIA)","it"
"licenses","2.0","by-nc","jp","https://creativecommons.org/licenses/by-nc/2.0/jp/","CC BY-NC 2.0 JP","","アトリビューション―ノンコマーシャル 2.0（帰属―非営利）","ja"
"licenses","2.0","by-nc","kr","https://creativecommons.org/licenses/by-nc/2.0/kr/","CC BY-NC 2.0 KR","","저작자표시-비영리 2.0","ko"
"licenses","2.0","by-nc","nl","https://creativecommons.org/licenses/by-nc/2.0/nl/","CC BY-NC 2.0 NL","","Naamsvermelding-NietCommercieel 2.0","nl"
"licenses","2.0","by-nc","pl","https://creativecommons.org/licenses/by-nc/2.0/pl/","CC BY-NC 2.0 PL","","Uznanie autorstwa-Użycie niekomercyjne 2.0","pl"
"licenses","2.0","by-nc","tw","https://creativecommons.org/licenses/by-nc/2.0/tw/","CC BY-NC 2.0 TW","","姓名標示-非商業性 2.0 台灣","zh-hant"
"licenses","2.0","by-nc","uk","https://creativecommons.org/licenses/by-nc/2.0/uk/","CC BY-NC 2.0 UK","","Attribution-NonCommercial 2.0 UK: England & Wales","en"
"licenses","2.0","by-nc","za","https://creativecommons.org/licenses/by-nc/2.0/za/","CC BY-NC 2.0 ZA","","Attribution-NonCommercial 2.0 South Africa","en"
"licenses","2.0","by-nc-nd","","https://creativecommons.org/licenses/by-nc-nd/2.0/","CC BY-NC-ND 2.0","CC-BY-NC-ND-2.0","Attribution-NonCommercial-NoDerivs 2.0 Generic","en"
"licenses","2.0","by-nc-nd","at","https://creativecommons.org/licenses/by-nc-nd/2.0/at/","CC BY-NC-ND 2.0 AT","","Namensnennung - Nicht-kommerziell - Keine Bearbeitung 2.0","de"
"licenses","2.0","by-nc-nd","au","https://creativecommons.org/licenses/by-nc-nd/2.0/au/","CC BY-NC-ND 2.0 AU","","Attribution-NonCommercial-NoDerivs 2.0 Australia","en"
"licenses","2.0","by-nc-nd","be","https://creativecommons.org/licenses/by-nc-nd/2.0/be/","CC BY-NC-ND 2.0 BE","","Attribution - Non Commercial – Pas d’Oeuvres Dérivées 2.0","fr"
"licenses","2.0","by-nc-nd","br","https://creativecommons.org/licenses/by-nc-nd/2.0/br/","CC BY-NC-ND 2.0 BR","","Atribuição - Uso Não-Comercial – Vedadas Obras Derivadas 2.0","pt-br"
"licenses","2.0","by-nc-nd","ca","https://creativecommons.org/licenses/by-nc-nd/2.0/ca/","CC BY-NC-ND 2.0 CA","","Attribution-NonCommercial-NoDerivs 2.0 Canada","en"
"licenses","2.0","by-nc-nd","cl","https://creativecommons.org/licenses/by-nc-nd/2.0/cl/","CC BY-NC-ND 2.0 CL","","Atribución-NoComercial-SinDerivadas 2.0 (Chile)","es"
"licenses","2.0","by-nc-nd","de","https://creativecommons.org/licenses/by-nc-nd/2.0/de/","CC BY-NC-ND 2.0 DE","","Namensnennung — Nicht-kommerziell — Keine Bearbeitung 2.0","de"
"licenses","2.0","by-nc-nd","es","https://creativecommons.org/licenses/by-nc-nd/2.0/es/","CC BY-NC-ND 2.0 ES","","Reconocimiento-NoComercial-SinObraDerivada 2.0","es"
"licenses","2.0","by-nc-nd","fr","https://creativecommons.org/licenses/by-nc-nd/2.0/fr/","CC BY-NC-ND 2.0 FR","","Paternité - Pas d'Utilisation Commerciale - Pas de Modification 2.0","fr"
"licenses","2.0","by-nc-nd","hr","https://creativecommons.org/licenses/by-nc-nd/2.0/hr/","CC BY-NC-ND 2.0 HR","","Imenovanje-Nekomercijalno-Bez prerada 2.0","hr"
"licenses","2.0","by-nc-nd","it","https://creativecommons.org/licenses/by-nc-nd/2.0/it/","CC BY-NC-ND 2.0 IT","","Attribuzione–NonCommerciale–NonOpereDerivate 2.0 (ITALIA)","it"
"licenses","2.0","by-nc-nd","jp","https://creativecommons.org/licenses/by-nc-nd/2.0/jp/","CC BY-NC-ND 2.0 JP","","アトリビューション―ノンコマーシャル―ノーデリブス（帰属―非営利―派生禁止）","ja"
"licenses","2.0","by-nc-nd","kr","https://creativecommons.org/licenses/by-nc-nd/2.0/kr/","CC BY-NC-ND 2.0 KR","","저작자표시-비영리-변경금지 2.0","ko"
"licenses","2.0","by-nc-nd","nl","https://creativecommons.org/licenses/by-nc-nd/2.0/nl/","CC BY-NC-ND 2.0 NL","","Naamsvermelding-NietCommercieel-GeenAfgeleideWerken 2.0","nl"
"licenses","2.0","by-nc-nd","pl","https://creativecommons.org/licenses/by-nc-nd/2.0/pl/","CC BY-NC-ND 2.0 PL","","Uznanie autorstwa-Użycie niekomercyjne-Bez utworów zależnych 2.0","pl"
"licenses","2.0","by-nc-nd","tw","https://creativecommons.org/licenses/by-nc-nd/2.0/tw/","CC BY-NC-ND 2.0 TW","","姓名標示-非商業性-禁止改作 2.0 台灣","zh-hant"
"licenses","2.0","by-nc-nd","uk","https://creativecommons.org/licenses/by-nc-nd/2.0/uk/","CC BY-NC-ND 2.0 UK","","Attribution-NonCommercial-NoDerivs 2.0 UK: England & Wales","en"
"licenses","2.0","by-nc-nd","za","https://creativecommons.org/licenses/by-nc-nd/2.0/za/","CC BY-NC-ND 2.0 ZA","","Attribution-NonCommercial-NoDerivs 2.0 South Africa","en"
"licenses","2.0","by-nc-sa","","https://creativecommons.org/licenses/by-nc-sa/2.0/","CC BY-NC-SA 2.0","CC-BY-NC-SA-2.0","Attribution-NonCommercial-ShareAlike 2.0 Generic","en"
"licenses","2.0","by-nc-sa","at","https://creativecommons.org/licenses/by-nc-sa/2.0/at/","CC BY-NC-SA 2.0 AT","","Namensnennung - Nicht-kommerziell - Weitergabe unter gleichen Bedingungen 2.0","de"
"licenses","2.0","by-nc-sa","au","https://creativecommons.org/licenses/by-nc-sa/2.0/au/","CC BY-NC-SA 2.0 AU","","Attribution-NonCommercial-ShareAlike 2.0 Australia","en"
"licenses","2.0","by-nc-sa","be","https://creativecommons.org/licenses/by-nc-sa/2.0/be/","CC BY-NC-SA 2.0 BE","","Attribution - Non Commercial – Partage A l’Identique 2.0","fr"
"licenses","2.0","by-nc-sa","br","https://creativecommons.org/licenses/by-nc-sa/2.0/br/","CC BY-NC-SA 2.0 BR","","Atribuição - Uso não-Comercial - Compartilhamento pela mesma licença 2.0","pt-br"
"licenses","2.0","by-nc-sa","ca","https://creativecommons.org/licenses/by-nc-sa/2.0/ca/","CC BY-NC-SA 2.0 CA","","Attribution-NonCommercial-ShareAlike 2.0 Canada","en"
"licenses","2.0","by-nc-sa","cl","https://creativecommons.org/licenses/by-nc-sa/2.0/cl/","CC BY-NC-SA 2.0 CL","","Atribución-NoComercial-LicenciarIgual 2.0 (Chile)","es"
"licenses","2.0","by-nc-sa","de","https://creativecommons.org/licenses/by-nc-sa/2.0/de/","CC BY-NC-SA 2.0 DE","CC-BY-NC-SA-2.0-DE","Namensnennung — Nicht-kommerziell — Weitergabe unter gleichen Bedingungen 2.0","de"
"licenses","2.0","by-nc-sa","es","https://creativecommons.org/licenses/by-nc-sa/2.0/es/","CC BY-NC-SA 2.0 ES","","Reconocimiento-NoComercial-CompartirIgual 2.0","es"
"licenses","2.0","by-nc-sa","fr","https://creativecommons.org/licenses/by-nc-sa/2.0/fr/","CC BY-NC-SA 2.0 FR","CC-BY-NC-SA-2.0-FR","Paternité - Pas d'Utilisation Commerciale - Partage Des Conditions Initiales A l'Identique 2.0","fr"
"licenses","2.0","by-nc-sa","hr","https://creativecommons.org/licenses/by-nc-sa/2.0/hr/","CC BY-NC-SA 2.0 HR","","Imenovanje-Nekomercijalno-Dijeli pod istim uvjetima 2.0","hr"
"licenses","2.0","by-nc-sa","it","https://creativecommons.org/licenses/by-nc-sa/2.0/it/","CC BY-NC-SA 2.0 IT","","Attribuzione–NonCommerciale–Condividi allo stesso modo 2.0 (ITALIA)","it"
"licenses","2.0","by-nc-sa","jp","https://creativecommons.org/licenses/by-nc-sa/2.0/jp/","CC BY-NC-SA 2.0 JP","","アトリビューション―ノンコマーシャル―シェアアライク 2.0（帰属―非営利―同一条件許諾）","ja"
"licenses","2.0","by-nc-sa","kr","https://creativecommons.org/licenses/by-nc-sa/2.0/kr/","CC BY-NC-SA 2.0 KR","","저작자표시-비영리-동일조건변경허락 2.0","ko"
"licenses","2.0","by-nc-sa","nl","https://creativecommons.org/licenses/by-nc-sa/2.0/nl/","CC BY-NC-SA 2.0 NL","","Naamsvermelding-NietCommercieel-GelijkDelen 2.0","nl"
"licenses","2.0","by-nc-sa","pl","https://creativecommons.org/licenses/by-nc-sa/2.0/pl/","CC BY-NC-SA 2.0 PL","","Uznanie autorstwa-Użycie niekomercyjne-Na tych samych warunkach 2.0","pl"
"licenses","2.0","by-nc-sa","tw","https://creativecommons.org/licenses/by-nc-sa/2.0/tw/","CC BY-NC-SA 2.0 TW","","姓名標示-非商業性-相同方式分享 2.0 台灣","zh-hant"
"licenses","2.0","by-nc-sa","uk","https://creativecommons.org/licenses/by-nc-sa/2.0/uk/","CC BY-NC-SA 2.0 UK","CC-BY-NC-SA-2.0-UK","Attribution-NonCommercial-ShareAlike 2.0 UK: England & Wales","en"
"licenses","2.0","by-nc-sa","za","https://creativecommons.org/licenses/by-nc-sa/2.0/za/","CC BY-NC-SA 2.0 ZA","","Attribution-NonCommercial-ShareAlike 2.0 South Africa","en"
"licenses","2.0","by-nd","","https://creativecommons.org/licenses/by-nd/2.0/","CC BY-ND 2.0","CC-BY-ND-2.0","Attribution-NoDerivs 2.0 Generic","en"
"licenses","2.0","by-nd","at","https://creativecommons.org/licenses/by-nd/2.0/at/","CC BY-ND 2.0 AT","","Namensnennung - Keine Bearbeitung 2.0","de"
"licenses","2.0","by-nd","au","https://creativecommons.org/licenses/by-nd/2.0/au/","CC BY-ND 2.0 AU","","Attribution-NoDerivs 2.0 Australia","en"
"licenses","2.0","by-nd","be","https://creativecommons.org/licenses/by-nd/2.0/be/","CC BY-ND 2.0 BE","","Attribution – Pas d’Oeuvres Dérivées - 2.0","fr"
"licenses","2.0","by-nd","br","https://creativecommons.org/licenses/by-nd/2.0/br/","CC BY-ND 2.0 BR","","Atribuição - Vedadas Obras Derivadas 2.0","pt-br"
"licenses","2.0","by-nd","ca","https://creativecommons.org/licenses/by-nd/2.0/ca/","CC BY-ND 2.0 CA","","Attribution-NoDerivs 2.0 Canada","en"
"licenses","2.0","by-nd","cl","https://creativecommons.org/licenses/by-nd/2.0/cl/","CC BY-ND 2.0 CL","","Atribución-SinDerivadas 2.0 (Chile)","es"
"licenses","2.0","by-nd","de","https://creativecommons.org/licenses/by-nd/2.0/de/","CC BY-ND 2.0 DE","","Namensnennung – Keine Bearbeitung 2.0","de"
"licenses","2.0","by-nd","es","https://creativecommons.org/licenses/by-nd/2.0/es/","CC BY-ND 2.0 ES","","Reconocimiento-SinObraDerivada 2.0","es"
"licenses","2.0","by-nd","fr","https://creativecommons.org/licenses/by-nd/2.0/fr/","CC BY-ND 2.0 FR","","Paternité - Pas de Modification 2.0","fr"
"licenses","2.0","by-nd","hr","https://creativecommons.org/licenses/by-nd/2.0/hr/","CC BY-ND 2.0 HR","","Imenovanje-Bez prerada 2.0","hr"
"licenses","2.0","by-nd","it","https://creativecommons.org/licenses/by-nd/2.0/it/","CC BY-ND 2.0 IT","","Attribuzione–NonOpereDerivate 2.0 (ITALIA)","it"
"licenses","2.0","by-nd","jp","https://creativecommons.org/licenses/by-nd/2.0/jp/","CC BY-ND 2.0 JP","","アトリビューション―ノーデリブス 2.0（帰属―派生禁止）","ja"
"licenses","2.0","by-nd","kr","https://creativecommons.org/licenses/by-nd/2.0/kr/","CC BY-ND 2.0 KR","","저작자표시-변경금지 2.0","ko"
"licenses","2.0","by-nd","nl","https://creativecommons.org/licenses/by-nd/2.0/nl/","CC BY-ND 2.0 NL","","Naamsvermelding-GeenAfgeleideWerken 2.0","nl"
"licenses","2.0","by-nd","pl","https://creativecommons.org/licenses/by-nd/2.0/pl/","CC BY-ND 2.0 PL","","Uznanie autorstwa - Bez utworów zależnych 2.0","pl"
"licenses","2.0","by-nd","tw","https://creativecommons.org/licenses/by-nd/2.0/tw/","CC BY-ND 2.0 TW","","姓名標示-禁止改作 2.0 台灣","zh-hant"
"licenses","2.0","by-nd","uk","https://creativecommons.org/licenses/by-nd/2.0/uk/","CC BY-ND 2.0 UK","","Attribution-NoDerivs 2.0 UK: England & Wales","en"
"licenses","2.0","by-nd","za","https://creativecommons.org/licenses/by-nd/2.0/za/","CC BY-ND 2.0 ZA","","Attribution-NoDerivs 2.0 South Africa","en"
"licenses","2.0","by-sa","","https://creativecommons.org/licenses/by-sa/2.0/","CC BY-SA 2.0","CC-BY-SA-2.0","Attribution-ShareAlike 2.0 Generic","en"
"licenses","2.0","by-sa","at","https://creativecommons.org/licenses/by-sa/2.0/at/","CC BY-SA 2.0 AT","","Namensnennung - Weitergabe unter gleichen Bedingungen 2.0","de"
"licenses","2.0","by-sa","au","https://creativecommons.org/licenses/by-sa/2.0/au/","CC BY-SA 2.0 AU","","Attribution-ShareAlike 2.0 Australia","en"
"licenses","2.0","by-sa","be","https://creativecommons.org/licenses/by-sa/2.0/be/","CC BY-SA 2.0 BE","","Attribution – Partage à l’identique - 2.0","fr"
"licenses","2.0","by-sa","br","https://creativecommons.org/licenses/by-sa/2.0/br/","CC BY-SA 2.0 BR","","Atribuição - Compartilhamento pela mesma licença 2.0","pt-br"
"licenses","2.0","by-sa","ca","https://creativecommons.org/licenses/by-sa/2.0/ca/","CC BY-SA 2.0 CA","","Attribution-ShareAlike 2.0 Canada","en"
"licenses","2.0","by-sa","cl","https://creativecommons.org/licenses/by-sa/2.0/cl/","CC BY-SA 2.0 CL","","Atribución-LicenciarIgual 2.0 (Chile)","es"
"licenses","2.0","by-sa","de","https://creativecommons.org/licenses/by-sa/2.0/de/","CC BY-SA 2.0 DE","","Namensnennung — Weitergabe unter gleichen Bedingungen 2.0","de"
"licenses","2.0","by-sa","es","https://creativecommons.org/licenses/by-sa/2.0/es/","CC BY-SA 2.0 ES","","Reconocimiento-CompartirIgual 2.0","es"
"licenses","2.0","by-sa","fr","https://creativecommons.org/licenses/by-sa/2.0/fr/","CC BY-SA 2.0 FR","","Paternité - Partage Des Conditions Initiales A l'Identique 2.0","fr"
"licenses","2.0","by-sa","hr","https://creativecommons.org/licenses/by-sa/2.0/hr/","CC BY-SA 2.0 HR","","Imenovanje-Dijeli pod istim uvjetima 2.0","hr"
"licenses","2.0","by-sa","it","https://creativecommons.org/licenses/by-sa/2.0/it/","CC BY-SA 2.0 IT","","Attribuzione–Condividi allo stesso modo 2.0 (ITALIA)","it"
"licenses","2.0","by-sa","jp","https://creativecommons.org/licenses/by-sa/2.0/jp/","CC BY-SA 2.0 JP","","アトリビューション―シェアアライク 2.0（帰属―同一条件許諾）","ja"
"licenses","2.0","by-sa","kr","https://creativecommons.org/licenses/by-sa/2.0/kr/","CC BY-SA 2.0 KR","","저작자표시-동일조건변경허락 2.0","ko"
"licenses","2.0","by-sa","nl","https://creativecommons.org/licenses/by-sa/2.0/nl/","CC BY-SA 2.0 NL","","Naamsvermelding-GelijkDelen 2.0","nl"
"licenses","2.0","by-sa","pl","https://creativecommons.org/licenses/by-sa/2.0/pl/","CC BY-SA 2.0 PL","","Uznanie autorstwa-Na tych samych warunkach 2.0","pl"
"licenses","2.0","by-sa","tw","https://creativecommons.org/licenses/by-sa/2.0/tw/","CC BY-SA 2.0 TW","","姓名標示-相同方式分享 2.0 台灣","zh-hant"
"licenses","2.0","by-sa","uk","https://creativecommons.org/licenses/by-sa/2.0/uk/","CC BY-SA 2.0 UK","CC-BY-SA-2.0-UK","Attribution-ShareAlike 2.0 UK: England & Wales","en"
"licenses","2.0","by-sa","za","https://creativecommons.org/licenses/by-sa/2.0/za/","CC BY-SA 2.0 ZA","","Attribution-ShareAlike 2.0 South Africa","en"
"licenses","2.0","devnations","","https://creativecommons.org/licenses/devnations/2.0/","CC DEVNATIONS 2.0","","Developing Nations 2.0 Generic","en"
"licenses","2.0","nc","jp","https://creativecommons.org/licenses/nc/2.0/jp/","CC NC 2.0 JP","","ノンコマーシャル 2.0（非営利）","ja"
"licenses","2.0","nc-sa","jp","https://creativecommons.org/licenses/nc-sa/2.0/jp/","CC NC-SA 2.0 JP","","ノンコマーシャル―シェアアライク 2.0（非営利―同一条件許諾）","ja"
"licenses","2.0","nd","jp","https://creativecommons.org/licenses/nd/2.0/jp/","CC ND 2.0 JP","","ノーデリブス 2.0（派生禁止）","ja"
"licenses","2.0","nd-nc","jp","https://creativecommons.org/licenses/nd-nc/2.0/jp/","CC ND-NC 2.0 JP","","ノーデリブス―ノンコマーシャル 2.0（派生禁止―非営利）","ja"
"licenses","2.0","sa","jp","https://creativecommons.org/licenses/sa/2.0/jp/","CC SA 2.0 JP","","シェアアライク 2.0（同一条件許諾）","ja"
"licenses","2.1","by","au","https://creativecommons.org/licenses/by/2.1/au/","CC BY 2.1 AU","","Attribution 2.1 Australia","en"
"licenses","2.1","by","ca","https://creativecommons.org/licenses/by/2.1/ca/","CC BY 2.1 CA","","Attribution 2.1 Canada","en"
"licenses","2.1","by","es","https://creativecommons.org/licenses/by/2.1/es/","CC BY 2.1 ES","","Reconocimiento 2.1","es"
"licenses","2.1","by","jp","https://creativecommons.org/licenses/by/2.1/jp/","CC BY 2.1 JP","","アトリビューション 2.1（帰属）","ja"
"licenses","2.1","by-nc","au","https://creativecommons.org/licenses/by-nc/2.1/au/","CC BY-NC 2.1 AU","","Attribution-NonCommercial 2.1 Australia","en"
"licenses","2.1","by-nc","ca","https://creativecommons.org/licenses/by-nc/2.1/ca/","CC BY-NC 2.1 CA","","Attribution-NonCommercial 2.1 Canada","en"
"licenses","2.1","by-nc","es","https://creativecommons.org/licenses/by-nc/2.1/es/","CC BY-NC 2.1 ES","","Reconocimiento-NoComercial 2.1","es"
"licenses","2.1","by-nc","jp","https://creativecommons.org/licenses/by-nc/2.1/jp/","CC BY-NC 2.1 JP","","アトリビューション—ノンコマーシャル 2.1（帰属—非営利）","ja"
"licenses","2.1","by-nc-nd","au","https://creativecommons.org/licenses/by-nc-nd/2.1/au/","CC BY-NC-ND 2.1 AU","","Attribution-NonCommercial-NoDerivs 2.1 Australia","en"
"licenses","2.1","by-nc-nd","ca","https://creativecommons.org/licenses/by-nc-nd/2.1/ca/","CC BY-NC-ND 2.1 CA","","Attribution-NonCommercial-NoDerivs 2.1 Canada","en"
"licenses","2.1","by-nc-nd","es","https://creativecommons.org/licenses/by-nc-nd/2.1/es/","CC BY-NC-ND 2.1 ES","","Reconocimiento-NoComercial-SinObraDerivada 2.1","es"
"licenses","2.1","by-nc-nd","jp","https://creativecommons.org/licenses/by-nc-nd/2.1/jp/","CC BY-NC-ND 2.1 JP","","アトリビューション—ノンコマーシャル—ノーデリブス 2.1（帰属—非営利—派生禁止）","ja"
"licenses","2.1","by-nc-sa","au","https://creativecommons.org/licenses/by-nc-sa/2.1/au/","CC BY-NC-SA 2.1 AU","","Attribution-NonCommercial-ShareAlike 2.1 Australia","en"
"licenses","2.1","by-nc-sa","ca","https://creativecommons.org/licenses/by-nc-sa/2.1/ca/","CC BY-NC-SA 2.1 CA","","Attribution-NonCommercial-ShareAlike 2.1 Canada","en"
"licenses","2.1","by-nc-sa","es","https://creativecommons.org/licenses/by-nc-sa/2.1/es/","CC BY-NC-SA 2.1 ES","","Reconocimiento-NoComercial-CompartirIgual 2.1","es"
"licenses","2.1","by-nc-sa","jp","https://creativecommons.org/licenses/by-nc-sa/2.1/jp/","CC BY-NC-SA 2.1 JP","","アトリビューション—ノンコマーシャル—シェアアライク 2.1（帰属—非営利—同一条件許諾）","ja"
"licenses","2.1","by-nd","au","https://creativecommons.org/licenses/by-nd/2.1/au/","CC BY-ND 2.1 AU","","Attribution-NoDerivs 2.1 Australia","en"
"licenses","2.1","by-nd","ca","https://creativecommons.org/licenses/by-nd/2.1/ca/","CC BY-ND 2.1 CA","","Attribution-NoDerivs 2.1 Canada","en"
"licenses","2.1","by-nd","es","https://creativecommons.org/licenses/by-nd/2.1/es/","CC BY-ND 2.1 ES","","Reconocimiento-SinObraDerivada 2.1","es"
"licenses","2.1","by-nd","jp","https://creativecommons.org/licenses/by-nd/2.1/jp/","CC BY-ND 2.1 JP","","アトリビューション—ノーデリブス 2.1（帰属—派生禁止）","ja"
"licenses","2.1","by-sa","au","https://creativecommons.org/licenses/by-sa/2.1/au/","CC BY-SA 2.1 AU","","Attribution-ShareAlike 2.1 Australia","en"
"licenses","2.1","by-sa","ca","https://creativecommons.org/licenses/by-sa/2.1/ca/","CC BY-SA 2.1 CA","","Attribution-ShareAlike 2.1 Canada","en"
"licenses","2.1","by-sa","es","https://creativecommons.org/licenses/by-sa/2.1/es/","CC BY-SA 2.1 ES","","Reconocimiento-CompartirIgual 2.1","es"
"licenses","2.1","by-sa","jp","https://creativecommons.org/licenses/by-sa/2.1/jp/","CC BY-SA 2.1 JP","CC-BY-SA-2.1-JP","アトリビューション—シェアアライク 2.1（帰属—同一条件許諾）","ja"
"licenses","2.5","by","","https://creativecommons.org/licenses/by/2.5/","CC BY 2.5","CC-BY-2.5","Attribution 2.5 Generic","en"
"licenses","2.5","by","ar","https://creativecommons.org/licenses/by/2.5/ar/","CC BY 2.5 AR","","Atribución 2.5 (Argentina)","es"
"licenses","2.5","by","au","https://creativecommons.org/licenses/by/2.5/au/","CC BY 2.5 AU","CC-BY-2.5-AU","Attribution 2.5 Australia","en"
"licenses","2.5","by","bg","https://creativecommons.org/licenses/by/2.5/bg/","CC BY 2.5 BG","","Признание 2.5","bg"
"licenses","2.5","by","br","https://creativecommons.org/licenses/by/2.5/br/","CC BY 2.5 BR","","Atribuição 2.5","pt-br"
"licenses","2.5","by","ca","https://creativecommons.org/licenses/by/2.5/ca/","CC BY 2.5 CA","","Attribution 2.5 Canada","en"
"licenses","2.5","by","ch","https://creativecommons.org/licenses/by/2.5/ch/","CC BY 2.5 CH","","Namensnennung 2.5 Schweiz","de"
"licenses","2.5","by","cn","https://creativecommons.org/licenses/by/2.5/cn/","CC BY 2.5 CN","","署名 2.5 中国大陆","zh-hans"
"licenses","2.5","by","co","https://creativecommons.org/licenses/by/2.5/co/","CC BY 2.5 CO","","Atribución 2.5 (Colombia)","es"
"licenses","2.5","by","dk","https://creativecommons.org/licenses/by/2.5/dk/","CC BY 2.5 DK","","Navngivelse 2.5 (Attribution 2.5)","da"
"licenses","2.5","by","es","https://creativecommons.org/licenses/by/2.5/es/","CC BY 2.5 ES","","Reconocimiento 2.5 España","es"
"licenses","2.5","by","hr","https://creativecommons.org/licenses/by/2.5/hr/","CC BY 2.5 HR","","Imenovanje 2.5","hr"
"licenses","2.5","by","hu","https://creativecommons.org/licenses/by/2.5/hu/","CC BY 2.5 HU","","Nevezd meg! 2.5","hu"
"licenses","2.5","by","il","https://creativecommons.org/licenses/by/2.5/il/","CC BY 2.5 IL","","Attribution 2.5 Israel","en"
"licenses","2.5","by","in","https://creativecommons.org/licenses/by/2.5/in/","CC BY 2.5 IN","","Attribution 2.5 India","en"
"licenses","2.5","by","it","https://creativecommons.org/licenses/by/2.5/it/","CC BY 2.5 IT","","Attribuzione 2.5 (ITALIA)","it"
"licenses","2.5","by","mk","https://creativecommons.org/licenses/by/2.5/mk/","CC BY 2.5 MK","","Attribution 2.5 Macedonia","en"
"licenses","2.5","by","mt","https://creativecommons.org/licenses/by/2.5/mt/","CC BY 2.5 MT","","Attribution 2.5 Malta","en"
"licenses","2.5","by","mx","https://creativecommons.org/licenses/by/2.5/mx/","CC BY 2.5 MX","","Atribución 2.5 (México)","es"
"licenses","2.5","by","my","https://creativecommons.org/licenses/by/2.5/my/","CC BY 2.5 MY","","Pengiktirafan 2.5 Malaysia","ms"
"licenses","2.5","by","nl","https://creativecommons.org/licenses/by/2.5/nl/","CC BY 2.5 NL","","Naamsvermelding 2.5","nl"
"licenses","2.5","by","pe","https://creativecommons.org/licenses/by/2.5/pe/","CC BY 2.5 PE","","Reconocimiento 2.5 (Perú)","es"
"licenses","2.5","by","pl","https://creativecommons.org/licenses/by/2.5/pl/","CC BY 2.5 PL","","Uznanie autorstwa 2.5","pl"
"licenses","2.5","by","pt","https://creativecommons.org/licenses/by/2.5/pt/","CC BY 2.5 PT","","Atribuição 2.5","pt"
"licenses","2.5","by","scotland","https://creativecommons.org/licenses/by/2.5/scotland/","CC BY 2.5 SCOTLAND","","Attribution 2.5 UK: Scotland","en"
"licenses","2.5","by","se","https://creativecommons.org/licenses/by/2.5/se/","CC BY 2.5 SE","","Erkännande 2.5","sv"
"licenses","2.5","by","si","https://creativecommons.org/licenses/by/2.5/si/","CC BY 2.5 SI","","»priznanje avtorstva« 2.5.","sl"
"licenses","2.5","by","tw","https://creativecommons.org/licenses/by/2.5/tw/","CC BY 2.5 TW","","姓名標示 2.5 台灣","zh-hant"
"licenses","2.5","by","za","https://creativecommons.org/licenses/by/2.5/za/","CC BY 2.5 ZA","","Attribution 2.5 South Africa","en"
"licenses","2.5","by-nc","","https://creativecommons.org/licenses/by-nc/2.5/","CC BY-NC 2.5","CC-BY-NC-2.5","Attribution-NonCommercial 2.5 Generic","en"
"licenses","2.5","by-nc","ar","https://creativecommons.org/licenses/by-nc/2.5/ar/","CC BY-NC 2.5 AR","","Atribución-NoComercial 2.5 (Argentina)","es"
"licenses","2.5","by-nc","au","https://creativecommons.org/licenses/by-nc/2.5/au/","CC BY-NC 2.5 AU","","Attribution-NonCommercial 2.5 Australia","en"
"licenses","2.5","by-nc","bg","https://creativecommons.org/licenses/by-nc/2.5/bg/","CC BY-NC 2.5 BG","","Признание-Некомерсиално 2.5","bg"
"licenses","2.5","by-nc","br","https://creativecommons.org/licenses/by-nc/2.5/br/","CC BY-NC 2.5 BR","","Atribuição - Uso não-Comercial - 2.5","pt-br"
"licenses","2.5","by-nc","ca","https://creativecommons.org/licenses/by-nc/2.5/ca/","CC BY-NC 2.5 CA","","Attribution-NonCommercial 2.5 Canada","en"
"licenses","2.5","by-nc","ch","https://creativecommons.org/licenses/by-nc/2.5/ch/","CC BY-NC 2.5 CH","","Namensnennung – Nicht-kommerziell 2.5 Schweiz","de"
"licenses","2.5","by-nc","cn","https://creativecommons.org/licenses/by-nc/2.5/cn/","CC BY-NC 2.5 CN","","署名-非商业性使用 2.5 中国大陆","zh-hans"
"licenses","2.5","by-nc","co","https://creativecommons.org/licenses/by-nc/2.5/co/","CC BY-NC 2.5 CO","","Atribución No Comercial 2.5 (Colombia)","es"
"licenses","2.5","by-nc","dk","https://creativecommons.org/licenses/by-nc/2.5/dk/","CC BY-NC 2.5 DK","","Navngivelse–IkkeKommerciel 2.5 (Attribution-NonCommercial 2.5)","da"
"licenses","2.5","by-nc","es","https://creativecommons.org/licenses/by-nc/2.5/es/","CC BY-NC 2.5 ES","","Reconocimiento-NoComercial 2.5 España","es"
"licenses","2.5","by-nc","hr","https://creativecommons.org/licenses/by-nc/2.5/hr/","CC BY-NC 2.5 HR","","Imenovanje-Nekomercijalno 2.5","hr"
"licenses","2.5","by-nc","hu","https://creativecommons.org/licenses/by-nc/2.5/hu/","CC BY-NC 2.5 HU","","Nevezd meg! – Ne add el! 2.5","hu"
"licenses","2.5","by-nc","il","https://creativecommons.org/licenses/by-nc/2.5/il/","CC BY-NC 2.5 IL","","Attribution-NonCommercial 2.5 Israel","en"
"licenses","2.5","by-nc","in","https://creativecommons.org/licenses/by-nc/2.5/in/","CC BY-NC 2.5 IN","","Attribution-NonCommercial 2.5 India","en"
"licenses","2.5","by-nc","it","https://creativecommons.org/licenses/by-nc/2.5/it/","CC BY-NC 2.5 IT","","Attribuzione - Non commerciale 2.5 (ITALIA)","it"
"licenses","2.5","by-nc","mk","https://creativecommons.org/licenses/by-nc/2.5/mk/","CC BY-NC 2.5 MK","","Attribution-NonCommercial 2.5 Macedonia","en"
"licenses","2.5","by-nc","mt","https://creativecommons.org/licenses/by-nc/2.5/mt/","CC BY-NC 2.5 MT","","Attribution-NonCommercial 2.5 Malta","en"
"licenses","2.5","by-nc","mx","https://creativecommons.org/licenses/by-nc/2.5/mx/","CC BY-NC 2.5 MX","","Atribución-No Comercial 2.5 (México)","es"
"licenses","2.5","by-nc","my","https://creativecommons.org/licenses/by-nc/2.5/my/","CC BY-NC 2.5 MY","","Pengiktirafan – Bukan Komersial 2.5","ms"
"licenses","2.5","by-nc","nl","https://creativecommons.org/licenses/by-nc/2.5/nl/","CC BY-NC 2.5 NL","","Naamsvermelding-NietCommercieel 2.5","nl"
"licenses","2.5","by-nc","pe","https://creativecommons.org/licenses/by-nc/2.5/pe/","CC BY-NC 2.5 PE","","Reconocimiento-Uso no Comercial 2.5 (Perú)","es"
"licenses","2.5","by-nc","pl","https://creativecommons.org/licenses/by-nc/2.5/pl/","CC BY-NC 2.5 PL","","Uznanie autorstwa-Użycie niekomercyjne 2.5","pl"
"licenses","2.5","by-nc","pt","https://creativecommons.org/licenses/by-nc/2.5/pt/","CC BY-NC 2.5 PT","","Atribuição - Uso Não-Comercial - 2.5","pt"
"licenses","2.5","by-nc","scotland","https://creativecommons.org/licenses/by-nc/2.5/scotland/","CC BY-NC 2.5 SCOTLAND","","Attribution-NonCommercial 2.5 UK: Scotland","en"
"licenses","2.5","by-nc","se","https://creativecommons.org/licenses/by-nc/2.5/se/","CC BY-NC 2.5 SE","","Erkännande-IckeKommersiell 2.5","sv"
"licenses","2.5","by-nc","si","https://creativecommons.org/licenses/by-nc/2.5/si/","CC BY-NC 2.5 SI","","»priznanje avtorstva« - »nekomercialno« 2.5.","sl"
"licenses","2.5","by-nc","tw","https://creativecommons.org/licenses/by-nc/2.5/tw/","CC BY-NC 2.5 TW","","姓名標示─非商業性 2.5 台灣","zh-hant"
"licenses","2.5","by-nc","za","https://creativecommons.org/licenses/by-nc/2.5/za/","CC BY-NC 2.5 ZA","","Attribution-NonCommercial 2.5 South Africa","en"
"licenses","2.5","by-nc-nd","","https://creativecommons.org/licenses/by-nc-nd/2.5/","CC BY-NC-ND 2.5","CC-BY-NC-ND-2.5","Attribution-NonCommercial-NoDerivs 2.5 Generic","en"
"licenses","2.5","by-nc-nd","ar","https://creativecommons.org/licenses/by-nc-nd/2.5/ar/","CC BY-NC-ND 2.5 AR","","Atribución-NoComercial-SinDerivadas 2.5 (Argentina)","es"
"licenses","2.5","by-nc-nd","au","https://creativecommons.org/licenses/by-nc-nd/2.5/au/","CC BY-NC-ND 2.5 AU","","Attribution-NonCommercial-NoDerivs 2.5 Australia","en"
"licenses","2.5","by-nc-nd","bg","https://creativecommons.org/licenses/by-nc-nd/2.5/bg/","CC BY-NC-ND 2.5 BG","","Признание-Некомерсиално-Без производни 2.5","bg"
"licenses","2.5","by-nc-nd","br","https://creativecommons.org/licenses/by-nc-nd/2.5/br/","CC BY-NC-ND 2.5 BR","","Atribuição - Uso não-Comercial - Vedadas Obras Derivadas 2.5","pt-br"
"licenses","2.5","by-nc-nd","ca","https://creativecommons.org/licenses/by-nc-nd/2.5/ca/","CC BY-NC-ND 2.5 CA","","Attribution-NonCommercial-NoDerivs 2.5 Canada","en"
"licenses","2.5","by-nc-nd","ch","https://creativecommons.org/licenses/by-nc-nd/2.5/ch/","CC BY-NC-ND 2.5 CH","","Namensnennung – Nicht-kommerziell – Keine-Bearbeitung 2.5 Schweiz","de"
"licenses","2.5","by-nc-nd","cn","https://creativecommons.org/licenses/by-nc-nd/2.5/cn/","CC BY-NC-ND 2.5 CN","","署名-非商业性使用-禁止演绎 2.5 中国大陆","zh-hans"
"licenses","2.5","by-nc-nd","co","https://creativecommons.org/licenses/by-nc-nd/2.5/co/","CC BY-NC-ND 2.5 CO","","Atribución No Comercial No Derivada 2.5 (Colombia)","es"
"licenses","2.5","by-nc-nd","dk","https://creativecommons.org/licenses/by-nc-nd/2.5/dk/","CC BY-NC-ND 2.5 DK","","Navngivelse–IkkeKommerciel-IngenBearbejdelser 2.5 (Attribution-NonCommercial-NoDerivatives 2.5)","da"
"licenses","2.5","by-nc-nd","es","https://creativecommons.org/licenses/by-nc-nd/2.5/es/","CC BY-NC-ND 2.5 ES","","Reconocimiento-NoComercial-SinObraDerivada 2.5 España","es"
"licenses","2.5","by-nc-nd","hr","https://creativecommons.org/licenses/by-nc-nd/2.5/hr/","CC BY-NC-ND 2.5 HR","","Imenovanje-Nekomercijalno-Bez prerada 2.5","hr"
"licenses","2.5","by-nc-nd","hu","https://creativecommons.org/licenses/by-nc-nd/2.5/hu/","CC BY-NC-ND 2.5 HU","","Nevezd meg! – Ne add el! – Ne változtasd! 2.5","hu"
"licenses","2.5","by-nc-nd","il","https://creativecommons.org/licenses/by-nc-nd/2.5/il/","CC BY-NC-ND 2.5 IL","","Attribution-NonCommercial-NoDerivs 2.5 Israel","en"
"licenses","2.5","by-nc-nd","in","https://creativecommons.org/licenses/by-nc-nd/2.5/in/","CC BY-NC-ND 2.5 IN","","Attribution-NonCommercial-NoDerivs 2.5 India","en"
"licenses","2.5","by-nc-nd","it","https://creativecommons.org/licenses/by-nc-nd/2.5/it/","CC BY-NC-ND 2.5 IT","","Attribuzione – Non commerciale – Non opere derivate 2.5","it"
"licenses","2.5","by-nc-nd","mk","https://creativecommons.org/licenses/by-nc-nd/2.5/mk/","CC BY-NC-ND 2.5 MK","","Attribution-NonCommercial-NoDerivs 2.5 Macedonia","en"
"licenses","2.5","by-nc-nd","mt","https://creativecommons.org/licenses/by-nc-nd/2.5/mt/","CC BY-NC-ND 2.5 MT","","Attribution-NonCommercial-NoDerivs 2.5 Malta","en"
"licenses","2.5","by-nc-nd","mx","https://creativecommons.org/licenses/by-nc-nd/2.5/mx/","CC BY-NC-ND 2.5 MX","","Atribución-No Comercial-No Derivadas 2.5 (México)","es"
"licenses","2.5","by-nc-nd","my","https://creativecommons.org/licenses/by-nc-nd/2.5/my/","CC BY-NC-ND 2.5 MY","","Pengiktirafan – Bukan Komersial – Tiada Terbitan 2.5 Malaysia","ms"
"licenses","2.5","by-nc-nd","nl","https://creativecommons.org/licenses/by-nc-nd/2.5/nl/","CC BY-NC-ND 2.5 NL","","Naamsvermelding-NietCommercieel-GeenAfgeleideWerken 2.5","nl"
"licenses","2.5","by-nc-nd","pe","https://creativecommons.org/licenses/by-nc-nd/2.5/pe/","CC BY-NC-ND 2.5 PE","","Reconocimiento-Uso no Comercial-Sin Obras Derivadas 2.5 (Perú)","es"
"licenses","2.5","by-nc-nd","pl","https://creativecommons.org/licenses/by-nc-nd/2.5/pl/","CC BY-NC-ND 2.5 PL","","Uznanie autorstwa-Użycie niekomercyjne-Bez utworów zależnych 2.5","pl"
"licenses","2.5","by-nc-nd","pt","https://creativecommons.org/licenses/by-nc-nd/2.5/pt/","CC BY-NC-ND 2.5 PT","","Atribuição - Uso Não-Comercial –Proibição de Realização de Obras Derivadas 2.5","pt"
"licenses","2.5","by-nc-nd","scotland","https://creativecommons.org/licenses/by-nc-nd/2.5/scotland/","CC BY-NC-ND 2.5 SCOTLAND","","Attribution-NonCommercial-NoDerivs 2.5 UK: Scotland","en"
"licenses","2.5","by-nc-nd","se","https://creativecommons.org/licenses/by-nc-nd/2.5/se/","CC BY-NC-ND 2.5 SE","","Erkännande-IckeKommersiell-IngaBearbetningar 2.5","sv"
"licenses","2.5","by-nc-nd","si","https://creativecommons.org/licenses/by-nc-nd/2.5/si/","CC BY-NC-ND 2.5 SI","","»priznanje avtorstva« - »nekomercialno« - «brez predelav« 2.5.","sl"
"licenses","2.5","by-nc-nd","tw","https://creativecommons.org/licenses/by-nc-nd/2.5/tw/","CC BY-NC-ND 2.5 TW","","姓名標示─非商業性─禁止改作 2.5 台灣","zh-hant"
"licenses","2.5","by-nc-nd","za","https://creativecommons.org/licenses/by-nc-nd/2.5/za/","CC BY-NC-ND 2.5 ZA","","Attribution-NonCommercial-NoDerivs 2.5 South Africa","en"
"licenses","2.5","by-nc-sa","","https://creativecommons.org/licenses/by-nc-sa/2.5/","CC BY-NC-SA 2.5","CC-BY-NC-SA-2.5","Attribution-NonCommercial-ShareAlike 2.5 Generic","en"
"licenses","2.5","by-nc-sa","ar","https://creativecommons.org/licenses/by-nc-sa/2.5/ar/","CC BY-NC-SA 2.5 AR","","Atribución-NoComercial-CompartirDerivadasIgual 2.5 (Argentina)","es"
"licenses","2.5","by-nc-sa","au","https://creativecommons.org/licenses/by-nc-sa/2.5/au/","CC BY-NC-SA 2.5 AU","","Attribution-NonCommercial-ShareAlike 2.5 Australia","en"
"licenses","2.5","by-nc-sa","bg","https://creativecommons.org/licenses/by-nc-sa/2.5/bg/","CC BY-NC-SA 2.5 BG","","Признание-Некомерсиално-Споделяне на споделеното 2.5","bg"
"licenses","2.5","by-nc-sa","br","https://creativecommons.org/licenses/by-nc-sa/2.5/br/","CC BY-NC-SA 2.5 BR","","Atribuição - Uso não-Comercial - Compartilhamento pela mesma licença 2.5","pt-br"
"licenses","2.5","by-nc-sa","ca","https://creativecommons.org/licenses/by-nc-sa/2.5/ca/","CC BY-NC-SA 2.5 CA","","Attribution-NonCommercial-ShareAlike 2.5 Canada","en"
"licenses","2.5","by-nc-sa","ch","https://creativecommons.org/licenses/by-nc-sa/2.5/ch/","CC BY-NC-SA 2.5 CH","","Namensnennung – Nicht-kommerziell – Weitergabe-unter-gleichen-Bedingungen 2.5 Schweiz","de"
"licenses","2.5","by-nc-sa","cn","https://creativecommons.org/licenses/by-nc-sa/2.5/cn/","CC BY-NC-SA 2.5 CN","","署名-非商业性使用-相同方式共享 2.5中国大陆","zh-hans"
"licenses","2.5","by-nc-sa","co","https://creativecommons.org/licenses/by-nc-sa/2.5/co/","CC BY-NC-SA 2.5 CO","","Atribución No Comercial Compartir Igual 2.5 (Colombia)","es"
"licenses","2.5","by-nc-sa","dk","https://creativecommons.org/licenses/by-nc-sa/2.5/dk/","CC BY-NC-SA 2.5 DK","","Navngivelse–IkkeKommerciel-DelPåSammeVilkår 2.5 (Attribution-NonCommercial-ShareAlike 2.5)","da"
"licenses","2.5","by-nc-sa","es","https://creativecommons.org/licenses/by-nc-sa/2.5/es/","CC BY-NC-SA 2.5 ES","","Reconocimiento-NoComercial-CompartirIgual 2.5 España","es"
"licenses","2.5","by-nc-sa","hr","https://creativecommons.org/licenses/by-nc-sa/2.5/hr/","CC BY-NC-SA 2.5 HR","","Imenovanje-Nekomercijalno-Dijeli pod istim uvjetima 2.5","hr"
"licenses","2.5","by-nc-sa","hu","https://creativecommons.org/licenses/by-nc-sa/2.5/hu/","CC BY-NC-SA 2.5 HU","","Nevezd meg! – Ne add el! – Így add tovább! 2.5","hu"
"licenses","2.5","by-nc-sa","il","https://creativecommons.org/licenses/by-nc-sa/2.5/il/","CC BY-NC-SA 2.5 IL","","Attribution-NonCommercial-ShareAlike 2.5 Israel","en"
"licenses","2.5","by-nc-sa","in","https://creativecommons.org/licenses/by-nc-sa/2.5/in/","CC BY-NC-SA 2.5 IN","","Attribution-NonCommercial-ShareAlike 2.5 India","en"
"licenses","2.5","by-nc-sa","it","https://creativecommons.org/licenses/by-nc-sa/2.5/it/","CC BY-NC-SA 2.5 IT","","Attribuzione - Non commerciale - Condividi allo stesso modo 2.5 (ITALIA)","it"
"licenses","2.5","by-nc-sa","mk","https://creativecommons.org/licenses/by-nc-sa/2.5/mk/","CC BY-NC-SA 2.5 MK","","Attribution-NonCommercial-ShareAlike 2.5 Macedonia","en"
"licenses","2.5","by-nc-sa","mt","https://creativecommons.org/licenses/by-nc-sa/2.5/mt/","CC BY-NC-SA 2.5 MT","","Attribution-NonCommercial-ShareAlike 2.5 Malta","en"
"licenses","2.5","by-nc-sa","mx","https://creativecommons.org/licenses/by-nc-sa/2.5/mx/","CC BY-NC-SA 2.5 MX","","Atribución-No Comercial-Licenciamiento Recíproco 2.5 (México)","es"
"licenses","2.5","by-nc-sa","my","https://creativecommons.org/licenses/by-nc-sa/2.5/my/","CC BY-NC-SA 2.5 MY","","Pengiktirafan – Bukan Komersial – Perkongsian Serupa 2.5 Malaysia","ms"
"licenses","2.5","by-nc-sa","nl","https://creativecommons.org/licenses/by-nc-sa/2.5/nl/","CC BY-NC-SA 2.5 NL","","Naamsvermelding-NietCommercieel-GelijkDelen 2.5","nl"
"licenses","2.5","by-nc-sa","pe","https://creativecommons.org/licenses/by-nc-sa/2.5/pe/","CC BY-NC-SA 2.5 PE","","Reconocimiento-Uso no Comercial-Licenciar por Igual 2.5 (Perú)","es"
"licenses","2.5","by-nc-sa","pl","https://creativecommons.org/licenses/by-nc-sa/2.5/pl/","CC BY-NC-SA 2.5 PL","","Uznanie autorstwa-Użycie niekomercyjne-Na tych samych warunkach 2.5","pl"
"licenses","2.5","by-nc-sa","pt","https://creativecommons.org/licenses/by-nc-sa/2.5/pt/","CC BY-NC-SA 2.5 PT","","Atribuição - Uso Não-Comercial –Partilha nos Termos da Mesma Licença 2.5","pt"
"licenses","2.5","by-nc-sa","scotland","https://creativecommons.org/licenses/by-nc-sa/2.5/scotland/","CC BY-NC-SA 2.5 SCOTLAND","","Attribution-NonCommercial-ShareAlike 2.5 UK: Scotland","en"
"licenses","2.5","by-nc-sa","se","https://creativecommons.org/licenses/by-nc-sa/2.5/se/","CC BY-NC-SA 2.5 SE","","Erkännande-IckeKommersiell-DelaLika 2.5","sv"
"licenses","2.5","by-nc-sa","si","https://creativecommons.org/licenses/by-nc-sa/2.5/si/","CC BY-NC-SA 2.5 SI","","»priznanje avtorstva« - »nekomercialno« - »deljenje pod istimi pogoji« 2.5.","sl"
"licenses","2.5","by-nc-sa","tw","https://creativecommons.org/licenses/by-nc-sa/2.5/tw/","CC BY-NC-SA 2.5 TW","","姓名標示─非商業性─相同方式分享 2.5 台灣","zh-hant"
"licenses","2.5","by-nc-sa","za","https://creativecommons.org/licenses/by-nc-sa/2.5/za/","CC BY-NC-SA 2.5 ZA","","Attribution-NonCommercial-ShareAlike 2.5 South Africa","en"
"licenses","2.5","by-nd","","https://creativecommons.org/licenses/by-nd/2.5/","CC BY-ND 2.5","CC-BY-ND-2.5","Attribution-NoDerivs 2.5 Generic","en"
"licenses","2.5","by-nd","ar","https://creativecommons.org/licenses/by-nd/2.5/ar/","CC BY-ND 2.5 AR","","Atribución-SinDerivadas 2.5 (Argentina)","es"
"licenses","2.5","by-nd","au","https://creativecommons.org/licenses/by-nd/2.5/au/","CC BY-ND 2.5 AU","","Attribution-NoDerivs 2.5 Australia","en"
"licenses","2.5","by-nd","bg","https://creativecommons.org/licenses/by-nd/2.5/bg/","CC BY-ND 2.5 BG","","Признание-Без производни 2.5","bg"
"licenses","2.5","by-nd","br","https://creativecommons.org/licenses/by-nd/2.5/br/","CC BY-ND 2.5 BR","","Atribuição - Vedadas Obras Derivadas 2.5","pt-br"
"licenses","2.5","by-nd","ca","https://creativecommons.org/licenses/by-nd/2.5/ca/","CC BY-ND 2.5 CA","","Attribution-NoDerivs 2.5 Canada","en"
"licenses","2.5","by-nd","ch","https://creativecommons.org/licenses/by-nd/2.5/ch/","CC BY-ND 2.5 CH","","Namensnennung – Keine-Bearbeitung 2.5 Schweiz","de"
"licenses","2.5","by-nd","cn","https://creativecommons.org/licenses/by-nd/2.5/cn/","CC BY-ND 2.5 CN","","署名-禁止演绎 2.5 中国大陆","zh-hans"
"licenses","2.5","by-nd","co","https://creativecommons.org/licenses/by-nd/2.5/co/","CC BY-ND 2.5 CO","","Atribución No Derivadas 2.5 (Colombia)","es"
"licenses","2.5","by-nd","dk","https://creativecommons.org/licenses/by-nd/2.5/dk/","CC BY-ND 2.5 DK","","Navngivelse–IngenBearbejdelser 2.5 (Attribution-NoDerivatives 2.5)","da"
"licenses","2.5","by-nd","es","https://creativecommons.org/licenses/by-nd/2.5/es/","CC BY-ND 2.5 ES","","Reconocimiento-SinObraDerivada 2.5 España","es"
"licenses","2.5","by-nd","hr","https://creativecommons.org/licenses/by-nd/2.5/hr/","CC BY-ND 2.5 HR","","Imenovanje-Bez prerada 2.5","hr"
"licenses","2.5","by-nd","hu","https://creativecommons.org/licenses/by-nd/2.5/hu/","CC BY-ND 2.5 HU","","Nevezd meg! – Ne változtasd! 2.5","hu"
"licenses","2.5","by-nd","il","https://creativecommons.org/licenses/by-nd/2.5/il/","CC BY-ND 2.5 IL","","Attribution-NoDerivs 2.5 Israel","en"
"licenses","2.5","by-nd","in","https://creativecommons.org/licenses/by-nd/2.5/in/","CC BY-ND 2.5 IN","","Attribution-NoDerivs 2.5 India","en"
"licenses","2.5","by-nd","it","https://creativecommons.org/licenses/by-nd/2.5/it/","CC BY-ND 2.5 IT","","Attribuzione - Non opere derivate 2.5 (ITALIA)","it"
"licenses","2.5","by-nd","mk","https://creativecommons.org/licenses/by-nd/2.5/mk/","CC BY-ND 2.5 MK","","Attribution-NoDerivs 2.5 Macedonia","en"
"licenses","2.5","by-nd","mt","https://creativecommons.org/licenses/by-nd/2.5/mt/","CC BY-ND 2.5 MT","","Attribution-NoDerivs 2.5 Malta","en"
"licenses","2.5","by-nd","mx","https://creativecommons.org/licenses/by-nd/2.5/mx/","CC BY-ND 2.5 MX","","Atribución-No Derivadas 2.5 (México)","es"
"licenses","2.5","by-nd","my","https://creativecommons.org/licenses/by-nd/2.5/my/","CC BY-ND 2.5 MY","","Pengiktirafan – Tiada Terbitan 2.5 Malaysia","ms"
"licenses","2.5","by-nd","nl","https://creativecommons.org/licenses/by-nd/2.5/nl/","CC BY-ND 2.5 NL","","Naamsvermelding-GeenAfgeleideWerken 2.5","nl"
"licenses","2.5","by-nd","pe","https://creativecommons.org/licenses/by-nd/2.5/pe/","CC BY-ND 2.5 PE","","Reconocimiento-Sin Obras Derivadas 2.5 (Perú)","es"
"licenses","2.5","by-nd","pl","https://creativecommons.org/licenses/by-nd/2.5/pl/","CC BY-ND 2.5 PL","","Uznanie autorstwa - Bez utworów zależnych 2.5","pl"
"licenses","2.5","by-nd","pt","https://creativecommons.org/licenses/by-nd/2.5/pt/","CC BY-ND 2.5 PT","","Atribuição –Proibição de realização de obras derivadas 2.5","pt"
"licenses","2.5","by-nd","scotland","https://creativecommons.org/licenses/by-nd/2.5/scotland/","CC BY-ND 2.5 SCOTLAND","","Attribution-NoDerivs 2.5 UK: Scotland","en"
"licenses","2.5","by-nd","se","https://creativecommons.org/licenses/by-nd/2.5/se/","CC BY-ND 2.5 SE","","Erkännande-IngaBearbetningar 2.5","sv"
"licenses","2.5","by-nd","si","https://creativecommons.org/licenses/by-nd/2.5/si/","CC BY-ND 2.5 SI","","»priznanje avtorstva« - «brez predelav« 2.5.","sl"
"licenses","2.5","by-nd","tw","https://creativecommons.org/licenses/by-nd/2.5/tw/","CC BY-ND 2.5 TW","","姓名標示─禁止改作 2.5 台灣","zh-hant"
"licenses","2.5","by-nd","za","https://creativecommons.org/licenses/by-nd/2.5/za/","CC BY-ND 2.5 ZA","","Attribution-NoDerivs 2.5 South Africa","en"
"licenses","2.5","by-sa","","https://creativecommons.org/licenses/by-sa/2.5/","CC BY-SA 2.5","CC-BY-SA-2.5","Attribution-ShareAlike 2.5 Generic","en"
"licenses","2.5","by-sa","ar","https://creativecommons.org/licenses/by-sa/2.5/ar/","CC BY-SA 2.5 AR","","Atribución-CompartirDerivadasIgual 2.5 (Argentina)","es"
"licenses","2.5","by-sa","au","https://creativecommons.org/licenses/by-sa/2.5/au/","CC BY-SA 2.5 AU","","Attribution-ShareAlike 2.5 Australia","en"
"licenses","2.5","by-sa","bg","https://creativecommons.org/licenses/by-sa/2.5/bg/","CC BY-SA 2.5 BG","","Признание-Споделяне на споделеното 2.5","bg"
"licenses","2.5","by-sa","br","https://creativecommons.org/licenses/by-sa/2.5/br/","CC BY-SA 2.5 BR","","Atribuição - Compartilhamento pela mesma licença 2.5","pt-br"
"licenses","2.5","by-sa","ca","https://creativecommons.org/licenses/by-sa/2.5/ca/","CC BY-SA 2.5 CA","","Attribution-ShareAlike 2.5 Canada","en"
"licenses","2.5","by-sa","ch","https://creativecommons.org/licenses/by-sa/2.5/ch/","CC BY-SA 2.5 CH","","Namensnennung – Weitergabe-unter-gleichen-Bedingungen 2.5 Schweiz","de"
"licenses","2.5","by-sa","cn","https://creativecommons.org/licenses/by-sa/2.5/cn/","CC BY-SA 2.5 CN","","署名-相同方式共享 2.5 中国大陆","zh-hans"
"licenses","2.5","by-sa","co","https://creativecommons.org/licenses/by-sa/2.5/co/","CC BY-SA 2.5 CO","","Atribución Compartir Igual 2.5 (Colombia)","es"
"licenses","2.5","by-sa","dk","https://creativecommons.org/licenses/by-sa/2.5/dk/","CC BY-SA 2.5 DK","","Navngivelse–DelPåSammeVilkår 2.5 (Attribution-ShareAlike 2.5)","da"
"licenses","2.5","by-sa","es","https://creativecommons.org/licenses/by-sa/2.5/es/","CC BY-SA 2.5 ES","","Reconocimiento-CompartirIgual 2.5 España","es"
"licenses","2.5","by-sa","hr","https://creativecommons.org/licenses/by-sa/2.5/hr/","CC BY-SA 2.5 HR","","Imenovanje-Dijeli pod istim uvjetima 2.5","hr"
"licenses","2.5","by-sa","hu","https://creativecommons.org/licenses/by-sa/2.5/hu/","CC BY-SA 2.5 HU","","Nevezd meg! – Így add tovább! 2.5","hu"
"licenses","2.5","by-sa","il","https://creativecommons.org/licenses/by-sa/2.5/il/","CC BY-SA 2.5 IL","","Attribution-ShareAlike 2.5 Israel","en"
"licenses","2.5","by-sa","in","https://creativecommons.org/licenses/by-sa/2.5/in/","CC BY-SA 2.5 IN","","Attribution-ShareAlike 2.5 India","en"
"licenses","2.5","by-sa","it","https://creativecommons.org/licenses/by-sa/2.5/it/","CC BY-SA 2.5 IT","","Attribuzione - Condividi allo stesso modo 2.5 (ITALIA)","it"
"licenses","2.5","by-sa","mk","https://creativecommons.org/licenses/by-sa/2.5/mk/","CC BY-SA 2.5 MK","","Attribution-ShareAlike 2.5 Macedonia","en"
"licenses","2.5","by-sa","mt","https://creativecommons.org/licenses/by-sa/2.5/mt/","CC BY-SA 2.5 MT","","Attribution-ShareAlike 2.5 Malta","en"
"licenses","2.5","by-sa","mx","https://creativecommons.org/licenses/by-sa/2.5/mx/","CC BY-SA 2.5 MX","","Atribución-Licenciamiento Recíproco 2.5 (México)","es"
"licenses","2.5","by-sa","my","https://creativecommons.org/licenses/by-sa/2.5/my/","CC BY-SA 2.5 MY","","Pengiktirafan – Perkongsian Serupa 2.5 Malaysia","ms"
"licenses","2.5","by-sa","nl","https://creativecommons.org/licenses/by-sa/2.5/nl/","CC BY-SA 2.5 NL","","Naamsvermelding-GelijkDelen 2.5","nl"
"licenses","2.5","by-sa","pe","https://creativecommons.org/licenses/by-sa/2.5/pe/","CC BY-SA 2.5 PE","","Reconocimiento-Licenciar por Igual 2.5 (Perú)","es"
"licenses","2.5","by-sa","pl","https://creativecommons.org/licenses/by-sa/2.5/pl/","CC BY-SA 2.5 PL","","Uznanie autorstwa-Na tych samych warunkach 2.5","pl"
"licenses","2.5","by-sa","pt","https://creativecommons.org/licenses/by-sa/2.5/pt/","CC BY-SA 2.5 PT","","Atribuição –Partilha nos Termos da Mesma Licença 2.5","pt"
"licenses","2.5","by-sa","scotland","https://creativecommons.org/licenses/by-sa/2.5/scotland/","CC BY-SA 2.5 SCOTLAND","","Attribution-ShareAlike 2.5 UK: Scotland","en"
"licenses","2.5","by-sa","se","https://creativecommons.org/licenses/by-sa/2.5/se/","CC BY-SA 2.5 SE","","Erkännande-DelaLika 2.5","sv"
"licenses","2.5","by-sa","si","https://creativecommons.org/licenses/by-sa/2.5/si/","CC BY-SA 2.5 SI","","»priznanje avtorstva« - »deljenje pod istimi pogoji« 2.5.","sl"
"licenses","2.5","by-sa","tw","https://creativecommons.org/licenses/by-sa/2.5/tw/","CC BY-SA 2.5 TW","","姓名標示─相同方式分享 2.5 台灣","zh-hant"
"licenses","2.5","by-sa","za","https://creativecommons.org/licenses/by-sa/2.5/za/","CC BY-SA 2.5 ZA","","Attribution-ShareAlike 2.5 South Africa","en"
"licenses","3.0","by","","https://creativecommons.org/licenses/by/3.0/","CC BY 3.0","CC-BY-3.0","Attribution 3.0 Unported","en"
"licenses","3.0","by","am","https://creativecommons.org/licenses/by/3.0/am/","CC BY 3.0 AM","","Attribution 3.0 Armenia","en"
"licenses","3.0","by","at","https://creativecommons.org/licenses/by/3.0/at/","CC BY 3.0 AT","CC-BY-3.0-AT","Namensnennung 3.0 Österreich","de"
"licenses","3.0","by","au","https://creativecommons.org/licenses/by/3.0/au/","CC BY 3.0 AU","CC-BY-3.0-AU","Attribution 3.0 Australia","en"
"licenses","3.0","by","az","https://creativecommons.org/licenses/by/3.0/az/","CC BY 3.0 AZ","","Müəllifliyin müəyyən edilməsi 3.0 Azərbaycan","az"
"licenses","3.0","by","br","https://creativecommons.org/licenses/by/3.0/br/","CC BY 3.0 BR","","Atribuição 3.0 Brasil","pt-br"
"licenses","3.0","by","ca","https://creativecommons.org/licenses/by/3.0/ca/","CC BY 3.0 CA","","Attribution 3.0 Canada","en"
"licenses","3.0","by","ch","https://creativecommons.org/licenses/by/3.0/ch/","CC BY 3.0 CH","","Namensnennung (by) 3.0 Schweiz","de"
"licenses","3.0","by","cl","https://creativecommons.org/licenses/by/3.0/cl/","CC BY 3.0 CL","","Atribución 3.0 Chile","es"
"licenses","3.0","by","cn","https://creativecommons.org/licenses/by/3.0/cn/","CC BY 3.0 CN","","署名 3.0中国大陆","zh-hans"
"licenses","3.0","by","cr","https://creativecommons.org/licenses/by/3.0/cr/","CC BY 3.0 CR","","Atribución 3.0 Costa Rica","es"
"licenses","3.0","by","cz","https://creativecommons.org/licenses/by/3.0/cz/","CC BY 3.0 CZ","","Uveďte autora 3.0 Česko","cs"
"licenses","3.0","by","de","https://creativecommons.org/licenses/by/3.0/de/","CC BY 3.0 DE","CC-BY-3.0-DE","Namensnennung 3.0 Deutschland","de"
"licenses","3.0","by","ec","https://creativecommons.org/licenses/by/3.0/ec/","CC BY 3.0 EC","","Reconocimiento 3.0 Ecuador","es"
"licenses","3.0","by","ee","https://creativecommons.org/licenses/by/3.0/ee/","CC BY 3.0 EE","","Autorile viitamine 3.0 Eesti","et"
"licenses","3.0","by","eg","https://creativecommons.org/licenses/by/3.0/eg/","CC BY 3.0 EG","","نسب المصنف 3.0 مصر","ar"
"licenses","3.0","by","es","https://creativecommons.org/licenses/by/3.0/es/","CC BY 3.0 ES","","Reconocimiento 3.0 España","es"
"licenses","3.0","by","fr","https://creativecommons.org/licenses/by/3.0/fr/","CC BY 3.0 FR","","Creative Commons Attribution 3.0 France","fr"
"licenses","3.0","by","ge","https://creativecommons.org/licenses/by/3.0/ge/","CC BY 3.0 GE","","Attribution 3.0 Georgia","en"
"licenses","3.0","by","gr","https://creativecommons.org/licenses/by/3.0/gr/","CC BY 3.0 GR","","Αναφορά 3.0 Ελλάδα","el"
"licenses","3.0","by","gt","https://creativecommons.org/licenses/by/3.0/gt/","CC BY 3.0 GT","","Reconocimiento 3.0 Guatemala","es"
"licenses","3.0","by","hk","https://creativecommons.org/licenses/by/3.0/hk/","CC BY 3.0 HK","","Attribution 3.0 Hong Kong","en"
"licenses","3.0","by","hr","https://creativecommons.org/licenses/by/3.0/hr/","CC BY 3.0 HR","","Imenovanje 3.0 Hrvatska","hr"
"licenses","3.0","by","ie","https://creativecommons.org/licenses/by/3.0/ie/","CC BY 3.0 IE","","Attribution 3.0 Ireland","en"
"licenses","3.0","by","igo","https://creativecommons.org/licenses/by/3.0/igo/","CC BY 3.0 IGO","CC-BY-3.0-IGO","Attribution 3.0 IGO","en"
"licenses","3.0","by","it","https://creativecommons.org/licenses/by/3.0/it/","CC BY 3.0 IT","","Attribuzione 3.0 Italia","it"
"licenses","3.0","by","lu","https://creativecommons.org/licenses/by/3.0/lu/","CC BY 3.0 LU","","Paternité 3.0 Luxembourg","fr"
"licenses","3.0","by","nl","https://creativecommons.org/licenses/by/3.0/nl/","CC BY 3.0 NL","CC-BY-3.0-NL","Naamsvermelding 3.0","nl"
"licenses","3.0","by","no","https://creativecommons.org/licenses/by/3.0/no/","CC BY 3.0 NO","","Navngivelse 3.0 Norge","no"
"licenses","3.0","by","nz","https://creativecommons.org/licenses/by/3.0/nz/","CC BY 3.0 NZ","","Attribution 3.0 New Zealand","en"
"licenses","3.0","by","ph","https://creativecommons.org/licenses/by/3.0/ph/","CC BY 3.0 PH","","Attribution 3.0 Philippines","en"
"licenses","3.0","by","pl","https://creativecommons.org/licenses/by/3.0/pl/","CC BY 3.0 PL","","Uznanie autorstwa 3.0 Polska","pl"
"licenses","3.0","by","pr","https://creativecommons.org/licenses/by/3.0/pr/","CC BY 3.0 PR","","Reconocimiento 3.0 Puerto Rico","es"
"licenses","3.0","by","pt","https://creativecommons.org/licenses/by/3.0/pt/","CC BY 3.0 PT","","Atribuição 3.0 Portugal","pt"
"licenses","3.0","by","ro","https://creativecommons.org/licenses/by/3.0/ro/","CC BY 3.0 RO","","Atribuire 3.0 România","ro"
"licenses","3.0","by","rs","https://creativecommons.org/licenses/by/3.0/rs/","CC BY 3.0 RS","","Autorstvo 3.0 Srbija","sr-latn"
"licenses","3.0","by","sg","https://creativecommons.org/licenses/by/3.0/sg/","CC BY 3.0 SG","","Attribution 3.0 Singapore","en"
"licenses","3.0","by","th","https://creativecommons.org/licenses/by/3.0/th/","CC BY 3.0 TH","","Attribution 3.0 Thailand","en"
"licenses","3.0","by","tw","https://creativecommons.org/licenses/by/3.0/tw/","CC BY 3.0 TW","","姓名標示 3.0 台灣","zh-hant"
"licenses","3.0","by","ug","https://creativecommons.org/licenses/by/3.0/ug/","CC BY 3.0 UG","","Attribution 3.0 Uganda","en"
"licenses","3.0","by","us","https://creativecommons.org/licenses/by/3.0/us/","CC BY 3.0 US","CC-BY-3.0-US","Attribution 3.0 United States","en"
"licenses","3.0","by","ve","https://creativecommons.org/licenses/by/3.0/ve/","CC BY 3.0 VE","","Atribución 3.0 Venezuela","es"
"licenses","3.0","by","vn","https://creativecommons.org/licenses/by/3.0/vn/","CC BY 3.0 VN","","Attribution 3.0 Vietnam","en"
"licenses","3.0","by","za","https://creativecommons.org/licenses/by/3.0/za/","CC BY 3.0 ZA","","Attribution 3.0 South Africa","en"
"licenses","3.0","by-nc","","https://creativecommons.org/licenses/by-nc/3.0/","CC BY-NC 3.0","CC-BY-NC-3.0","Attribution-NonCommercial 3.0 Unported","en"
"licenses","3.0","by-nc","am","https://creativecommons.org/licenses/by-nc/3.0/am/","CC BY-NC 3.0 AM","","Attribution-NonCommercial 3.0 Armenia","en"
"licenses","3.0","by-nc","at","https://creativecommons.org/licenses/by-nc/3.0/at/","CC BY-NC 3.0 AT","","Namensnennung - Keine kommerzielle Nutzung 3.0 Österreich","de"
"licenses","3.0","by-nc","au","https://creativecommons.org/licenses/by-nc/3.0/au/","CC BY-NC 3.0 AU","","Attribution-NonCommercial 3.0 Australia","en"
"licenses","3.0","by-nc","az","https://creativecommons.org/licenses/by-nc/3.0/az/","CC BY-NC 3.0 AZ","","Müəllifliyin müəyyən edilməsi, qeyri-kommersiya 3.0 Azərbaycan","az"
"licenses","3.0","by-nc","br","https://creativecommons.org/licenses/by-nc/3.0/br/","CC BY-NC 3.0 BR","","Atribuição-Uso não-comercial 3.0 Brasil","pt-br"
"licenses","3.0","by-nc","ca","https://creativecommons.org/licenses/by-nc/3.0/ca/","CC BY-NC 3.0 CA","","Attribution-NonCommercial 3.0 Canada","en"
"licenses","3.0","by-nc","ch","https://creativecommons.org/licenses/by-nc/3.0/ch/","CC BY-NC 3.0 CH","","Namensnennung – Nicht-kommerziell (by-nc) 3.0 Schweiz","de"
"licenses","3.0","by-nc","cl","https://creativecommons.org/licenses/by-nc/3.0/cl/","CC BY-NC 3.0 CL","","Atribución - NoComercial 3.0 Chile","es"
"licenses","3.0","by-nc","cn","https://creativecommons.org/licenses/by-nc/3.0/cn/","CC BY-NC 3.0 CN","","署名-非商业性使用 3.0中国大陆","zh-hans"
"licenses","3.0","by-nc","cr","https://creativecommons.org/licenses/by-nc/3.0/cr/","CC BY-NC 3.0 CR","","Atribución – NoComercial 3.0 Costa Rica","es"
"licenses","3.0","by-nc","cz","https://creativecommons.org/licenses/by-nc/3.0/cz/","CC BY-NC 3.0 CZ","","Uveďte autora-Neužívejte komerčně 3.0 Česko","cs"
"licenses","3.0","by-nc","de","https://creativecommons.org/licenses/by-nc/3.0/de/","CC BY-NC 3.0 DE","CC-BY-NC-3.0-DE","Namensnennung - Keine kommerzielle Nutzung 3.0 Deutschland","de"
"licenses","3.0","by-nc","ec","https://creativecommons.org/licenses/by-nc/3.0/ec/","CC BY-NC 3.0 EC","","Reconocimiento – No Comercial 3.0 Ecuador","es"
"licenses","3.0","by-nc","ee","https://creativecommons.org/licenses/by-nc/3.0/ee/","CC BY-NC 3.0 EE","","Autorile viitamine-Mitteäriline eesmärk 3.0 Eesti","et"
"licenses","3.0","by-nc","eg","https://creativecommons.org/licenses/by-nc/3.0/eg/","CC BY-NC 3.0 EG","","نسب المصنف - غير تجاري 3.0 مصر","ar"
"licenses","3.0","by-nc","es","https://creativecommons.org/licenses/by-nc/3.0/es/","CC BY-NC 3.0 ES","","Reconocimiento-NoComercial 3.0 España","es"
"licenses","3.0","by-nc","fr","https://creativecommons.org/licenses/by-nc/3.0/fr/","CC BY-NC 3.0 FR","","Creative Commons Attribution Pas d'Utilisation Commerciale 3.0 France","fr"
"licenses","3.0","by-nc","ge","https://creativecommons.org/licenses/by-nc/3.0/ge/","CC BY-NC 3.0 GE","","Attribution-NonCommercial 3.0 Georgia","en"
"licenses","3.0","by-nc","gr","https://creativecommons.org/licenses/by-nc/3.0/gr/","CC BY-NC 3.0 GR","","Αναφορά-Μη-Εμπορική Χρήση 3.0 Ελλάδα","el"
"licenses","3.0","by-nc","gt","https://creativecommons.org/licenses/by-nc/3.0/gt/","CC BY-NC 3.0 GT","","Reconocimiento – No Comercial 3.0 Guatemala","es"
"licenses","3.0","by-nc","hk","https://creativecommons.org/licenses/by-nc/3.0/hk/","CC BY-NC 3.0 HK","","Attribution-NonCommercial 3.0 Hong Kong","en"
"licenses","3.0","by-nc","hr","https://creativecommons.org/licenses/by-nc/3.0/hr/","CC BY-NC 3.0 HR","","Imenovanje-Nekomercijalno 3.0 Hrvatska","hr"
"licenses","3.0","by-nc","ie","https://creativecommons.org/licenses/by-nc/3.0/ie/","CC BY-NC 3.0 IE","","Attribution-NonCommercial 3.0 Ireland","en"
"licenses","3.0","by-nc","igo","https://creativecommons.org/licenses/by-nc/3.0/igo/","CC BY-NC 3.0 IGO","","Attribution-NonCommercial 3.0 IGO","en"
"licenses","3.0","by-nc","it","https://creativecommons.org/licenses/by-nc/3.0/it/","CC BY-NC 3.0 IT","","Attribuzione - Non commerciale 3.0 Italia","it"
"licenses","3.0","by-nc","lu","https://creativecommons.org/licenses/by-nc/3.0/lu/","CC BY-NC 3.0 LU","","Paternité - Pas d'Utilisation Commerciale 3.0 Luxembourg","fr"
"licenses","3.0","by-nc","nl","https://creativecommons.org/licenses/by-nc/3.0/nl/","CC BY-NC 3.0 NL","","Naamsvermelding-NietCommercieel 3.0","nl"
"licenses","3.0","by-nc","no","https://creativecommons.org/licenses/by-nc/3.0/no/","CC BY-NC 3.0 NO","","Navngivelse-Ikkekommersiell 3.0 Norge","no"
"licenses","3.0","by-nc","nz","https://creativecommons.org/licenses/by-nc/3.0/nz/","CC BY-NC 3.0 NZ","","Attribution-NonCommercial 3.0 New Zealand","en"
"licenses","3.0","by-nc","ph","https://creativecommons.org/licenses/by-nc/3.0/ph/","CC BY-NC 3.0 PH","","Attribution-NonCommercial 3.0 Philippines","en"
"licenses","3.0","by-nc","pl","https://creativecommons.org/licenses/by-nc/3.0/pl/","CC BY-NC 3.0 PL","","Uznanie autorstwa - Użycie niekomercyjne 3.0 Polska","pl"
"licenses","3.0","by-nc","pr","https://creativecommons.org/licenses/by-nc/3.0/pr/","CC BY-NC 3.0 PR","","Reconocimiento - No Comercial 3.0 Puerto Rico","es"
"licenses","3.0","by-nc","pt","https://creativecommons.org/licenses/by-nc/3.0/pt/","CC BY-NC 3.0 PT","","Atribuição – NãoComercial 3.0 Portugal","pt"
"licenses","3.0","by-nc","ro","https://creativecommons.org/licenses/by-nc/3.0/ro/","CC BY-NC 3.0 RO","","Atribuire–Necomercial 3.0 România","ro"
"licenses","3.0","by-nc","rs","https://creativecommons.org/licenses/by-nc/3.0/rs/","CC BY-NC 3.0 RS","","Autorstvo-Nekomercijalno 3.0 Srbija","sr-latn"
"licenses","3.0","by-nc","sg","https://creativecommons.org/licenses/by-nc/3.0/sg/","CC BY-NC 3.0 SG","","Attribution-NonCommercial 3.0 Singapore","en"
"licenses","3.0","by-nc","th","https://creativecommons.org/licenses/by-nc/3.0/th/","CC BY-NC 3.0 TH","","Attribution-NonCommercial 3.0 Thailand","en"
"licenses","3.0","by-nc","tw","https://creativecommons.org/licenses/by-nc/3.0/tw/","CC BY-NC 3.0 TW","","姓名標示─非商業性 3.0 台灣","zh-hant"
"licenses","3.0","by-nc","ug","https://creativecommons.org/licenses/by-nc/3.0/ug/","CC BY-NC 3.0 UG","","Attribution-NonCommercial 3.0 Uganda","en"
"licenses","3.0","by-nc","us","https://creativecommons.org/licenses/by-nc/3.0/us/","CC BY-NC 3.0 US","","Attribution-NonCommercial 3.0 United States","en"
"licenses","3.0","by-nc","ve","https://creativecommons.org/licenses/by-nc/3.0/ve/","CC BY-NC 3.0 VE","","Atribución-NoComercial 3.0 Venezuela","es"
"licenses","3.0","by-nc","vn","https://creativecommons.org/licenses/by-nc/3.0/vn/","CC BY-NC 3.0 VN","","Attribution-NonCommercial 3.0 Vietnam","en"
"licenses","3.0","by-nc","za","https://creativecommons.org/licenses/by-nc/3.0/za/","CC BY-NC 3.0 ZA","","Attribution-NonCommercial 3.0 South Africa","en"
"licenses","3.0","by-nc-nd","","https://creativecommons.org/licenses/by-nc-nd/3.0/","CC BY-NC-ND 3.0","CC-BY-NC-ND-3.0","Attribution-NonCommercial-NoDerivs 3.0 Unported","en"
"licenses","3.0","by-nc-nd","am","https://creativecommons.org/licenses/by-nc-nd/3.0/am/","CC BY-NC-ND 3.0 AM","","Attribution-NonCommercial-NoDerivs 3.0 Armenia","en"
"licenses","3.0","by-nc-nd","at","https://creativecommons.org/licenses/by-nc-nd/3.0/at/","CC BY-NC-ND 3.0 AT","","Namensnennung - Keine kommerzielle Nutzung - Keine Bearbeitungen 3.0 Österreich","de"
"licenses","3.0","by-nc-nd","au","https://creativecommons.org/licenses/by-nc-nd/3.0/au/","CC BY-NC-ND 3.0 AU","","Attribution-NonCommercial-NoDerivs 3.0 Australia","en"
"licenses","3.0","by-nc-nd","az","https://creativecommons.org/licenses/by-nc-nd/3.0/az/","CC BY-NC-ND 3.0 AZ","","Müəllifliyin müəyyən edilməsi, qeyri-kommersiya, qeyri-törəmə 3.0 Azərbaycan","az"
"licenses","3.0","by-nc-nd","br","https://creativecommons.org/licenses/by-nc-nd/3.0/br/","CC BY-NC-ND 3.0 BR","","Atribuição-Uso não-comercial-Vedada a criação de obras derivadas 3.0 Brasil","pt-br"
"licenses","3.0","by-nc-nd","ca","https://creativecommons.org/licenses/by-nc-nd/3.0/ca/","CC BY-NC-ND 3.0 CA","","Attribution-NonCommercial-NoDerivs 3.0 Canada","en"
"licenses","3.0","by-nc-nd","ch","https://creativecommons.org/licenses/by-nc-nd/3.0/ch/","CC BY-NC-ND 3.0 CH","","Namensnennung – Nicht-kommerziell – Keine Bearbeitung (by-nc-nd) 3.0 Schweiz","de"
"licenses","3.0","by-nc-nd","cl","https://creativecommons.org/licenses/by-nc-nd/3.0/cl/","CC BY-NC-ND 3.0 CL","","Atribución - NoComercial - SinDerivadas 3.0 Chile","es"
"licenses","3.0","by-nc-nd","cn","https://creativecommons.org/licenses/by-nc-nd/3.0/cn/","CC BY-NC-ND 3.0 CN","","署名-非商业性使用-禁止演绎 3.0中国大陆","zh-hans"
"licenses","3.0","by-nc-nd","cr","https://creativecommons.org/licenses/by-nc-nd/3.0/cr/","CC BY-NC-ND 3.0 CR","","Atribución – NoComercial – SinDerivadas 3.0 Costa Rica","es"
"licenses","3.0","by-nc-nd","cz","https://creativecommons.org/licenses/by-nc-nd/3.0/cz/","CC BY-NC-ND 3.0 CZ","","Uveďte autora-Neužívejte komerčně-Nezasahujte do díla 3.0 Česko","cs"
"licenses","3.0","by-nc-nd","de","https://creativecommons.org/licenses/by-nc-nd/3.0/de/","CC BY-NC-ND 3.0 DE","CC-BY-NC-ND-3.0-DE","Namensnennung - Keine kommerzielle Nutzung - Keine Bearbeitungen 3.0 Deutschland","de"
"licenses","3.0","by-nc-nd","ec","https://creativecommons.org/licenses/by-nc-nd/3.0/ec/","CC BY-NC-ND 3.0 EC","","Reconocimiento – No Comercial – Sin Obras Derivadas 3.0 Ecuador","es"
"licenses","3.0","by-nc-nd","ee","https://creativecommons.org/licenses/by-nc-nd/3.0/ee/","CC BY-NC-ND 3.0 EE","","Autorile viitamine-Mitteäriline eesmärk-Tuletatud teoste keeld 3.0 Eesti","et"
"licenses","3.0","by-nc-nd","eg","https://creativecommons.org/licenses/by-nc-nd/3.0/eg/","CC BY-NC-ND 3.0 EG","","نسب المصنف - غير تجاري – منع الاشتقاق 3.0 مصر","ar"
"licenses","3.0","by-nc-nd","es","https://creativecommons.org/licenses/by-nc-nd/3.0/es/","CC BY-NC-ND 3.0 ES","","Reconocimiento-NoComercial-SinObrasDerivadas 3.0 España","es"
"licenses","3.0","by-nc-nd","fr","https://creativecommons.org/licenses/by-nc-nd/3.0/fr/","CC BY-NC-ND 3.0 FR","","Creative Commons Attribution Pas d'Utilisation Commerciale Pas de Modification 3.0 France","fr"
"licenses","3.0","by-nc-nd","ge","https://creativecommons.org/licenses/by-nc-nd/3.0/ge/","CC BY-NC-ND 3.0 GE","","Attribution-NonCommercial-NoDerivs 3.0 Georgia","en"
"licenses","3.0","by-nc-nd","gr","https://creativecommons.org/licenses/by-nc-nd/3.0/gr/","CC BY-NC-ND 3.0 GR","","Αναφορά-Μη-Εμπορική Χρήση-Όχι Παράγωγο Έργο 3.0 Ελλάδα","el"
"licenses","3.0","by-nc-nd","gt","https://creativecommons.org/licenses/by-nc-nd/3.0/gt/","CC BY-NC-ND 3.0 GT","","Reconocimiento – No Comercial – Sin Obras Derivadas 3.0 Guatemala","es"
"licenses","3.0","by-nc-nd","hk","https://creativecommons.org/licenses/by-nc-nd/3.0/hk/","CC BY-NC-ND 3.0 HK","","Attribution-NonCommercial-NoDerivs 3.0 Hong Kong","en"
"licenses","3.0","by-nc-nd","hr","https://creativecommons.org/licenses/by-nc-nd/3.0/hr/","CC BY-NC-ND 3.0 HR","","Imenovanje-Nekomercijalno-Bez prerada 3.0 Hrvatska","hr"
"licenses","3.0","by-nc-nd","ie","https://creativecommons.org/licenses/by-nc-nd/3.0/ie/","CC BY-NC-ND 3.0 IE","","Attribution-NonCommercial-NoDerivs 3.0 Ireland","en"
"licenses","3.0","by-nc-nd","igo","https://creativecommons.org/licenses/by-nc-nd/3.0/igo/","CC BY-NC-ND 3.0 IGO","CC-BY-NC-ND-3.0-IGO","Attribution-NonCommercial-NoDerivs 3.0 IGO","en"
"licenses","3.0","by-nc-nd","it","https://creativecommons.org/licenses/by-nc-nd/3.0/it/","CC BY-NC-ND 3.0 IT","","Attribuzione – Non commerciale – Non opere derivate 3.0 Italia","it"
"licenses","3.0","by-nc-nd","lu","https://creativecommons.org/licenses/by-nc-nd/3.0/lu/","CC BY-NC-ND 3.0 LU","","Paternité - Pas d'Utilisation Commerciale - Pas de Modification 3.0 Luxembourg","fr"
"licenses","3.0","by-nc-nd","nl","https://creativecommons.org/licenses/by-nc-nd/3.0/nl/","CC BY-NC-ND 3.0 NL","","Naamsvermelding-NietCommercieel-GeenAfgeleideWerken 3.0","nl"
"licenses","3.0","by-nc-nd","no","https://creativecommons.org/licenses/by-nc-nd/3.0/no/","CC BY-NC-ND 3.0 NO","","Navngivelse-Ikkekommersiell-IngenBearbeidelse 3.0 Norge","no"
"licenses","3.0","by-nc-nd","nz","https://creativecommons.org/licenses/by-nc-nd/3.0/nz/","CC BY-NC-ND 3.0 NZ","","Attribution-NonCommercial-NoDerivs 3.0 New Zealand","en"
"licenses","3.0","by-nc-nd","ph","https://creativecommons.org/licenses/by-nc-nd/3.0/ph/","CC BY-NC-ND 3.0 PH","","Attribution-NonCommercial-NoDerivs 3.0 Philippines","en"
"licenses","3.0","by-nc-nd","pl","https://creativecommons.org/licenses/by-nc-nd/3.0/pl/","CC BY-NC-ND 3.0 PL","","Uznanie autorstwa - Użycie niekomercyjne - Bez utworów zależnych 3.0 Polska","pl"
"licenses","3.0","by-nc-nd","pr","https://creativecommons.org/licenses/by-nc-nd/3.0/pr/","CC BY-NC-ND 3.0 PR","","Reconocimiento - No Comercial - Sin Obras Derivadas 3.0 Puerto Rico","es"
"licenses","3.0","by-nc-nd","pt","https://creativecommons.org/licenses/by-nc-nd/3.0/pt/","CC BY-NC-ND 3.0 PT","","Atribuição – NãoComercial – SemDerivados 3.0 Portugal","pt"
"licenses","3.0","by-nc-nd","ro","https://creativecommons.org/licenses/by-nc-nd/3.0/ro/","CC BY-NC-ND 3.0 RO","","Atribuire–Necomercial–Fără Modificări 3.0 România","ro"
"licenses","3.0","by-nc-nd","rs","https://creativecommons.org/licenses/by-nc-nd/3.0/rs/","CC BY-NC-ND 3.0 RS","","Autorstvo-Nekomercijalno-Bez prerada 3.0 Srbija","sr-latn"
"licenses","3.0","by-nc-nd","sg","https://creativecommons.org/licenses/by-nc-nd/3.0/sg/","CC BY-NC-ND 3.0 SG","","Attribution-NonCommercial-NoDerivs 3.0 Singapore","en"
"licenses","3.0","by-nc-nd","th","https://creativecommons.org/licenses/by-nc-nd/3.0/th/","CC BY-NC-ND 3.0 TH","","Attribution-NonCommercial-NoDerivs 3.0 Thailand","en"
"licenses","3.0","by-nc-nd","tw","https://creativecommons.org/licenses/by-nc-nd/3.0/tw/","CC BY-NC-ND 3.0 TW","","姓名標示─非商業性─禁止改作 3.0 台灣","zh-hant"
"licenses","3.0","by-nc-nd","ug","https://creativecommons.org/licenses/by-nc-nd/3.0/ug/","CC BY-NC-ND 3.0 UG","","Attribution-NonCommercial-NoDerivs 3.0 Uganda","en"
"licenses","3.0","by-nc-nd","us","https://creativecommons.org/licenses/by-nc-nd/3.0/us/","CC BY-NC-ND 3.0 US","","Attribution-NonCommercial-NoDerivs 3.0 United States","en"
"licenses","3.0","by-nc-nd","ve","https://creativecommons.org/licenses/by-nc-nd/3.0/ve/","CC BY-NC-ND 3.0 VE","","Atribución-NoComercial-SinDerivadas 3.0 Venezuela","es"
"licenses","3.0","by-nc-nd","vn","https://creativecommons.org/licenses/by-nc-nd/3.0/vn/","CC BY-NC-ND 3.0 VN","","Attribution-NonCommercial-NoDerivs 3.0 Vietnam","en"
"licenses","3.0","by-nc-nd","za","https://creativecommons.org/licenses/by-nc-nd/3.0/za/","CC BY-NC-ND 3.0 ZA","","Attribution-NonCommercial-NoDerivs 3.0 South Africa","en"
"licenses","3.0","by-nc-sa","","https://creativecommons.org/licenses/by-nc-sa/3.0/","CC BY-NC-SA 3.0","CC-BY-NC-SA-3.0","Attribution-NonCommercial-ShareAlike 3.0 Unported","en"
"licenses","3.0","by-nc-sa","am","https://creativecommons.org/licenses/by-nc-sa/3.0/am/","CC BY-NC-SA 3.0 AM","","Attribution-NonCommercial-ShareAlike 3.0 Armenia","en"
"licenses","3.0","by-nc-sa","at","https://creativecommons.org/licenses/by-nc-sa/3.0/at/","CC BY-NC-SA 3.0 AT","","Namensnennung - Keine kommerzielle Nutzung - Weitergabe unter gleichen Bedingungen 3.0 Österreich","de"
"licenses","3.0","by-nc-sa","au","https://creativecommons.org/licenses/by-nc-sa/3.0/au/","CC BY-NC-SA 3.0 AU","","Attribution-NonCommercial-ShareAlike 3.0 Australia","en"
"licenses","3.0","by-nc-sa","az","https://creativecommons.org/licenses/by-nc-sa/3.0/az/","CC BY-NC-SA 3.0 AZ","","Müəllifliyin müəyyən edilməsi, qeyri-kommersiya, bərabər istifadə hüquqlu 3.0","az"
"licenses","3.0","by-nc-sa","br","https://creativecommons.org/licenses/by-nc-sa/3.0/br/","CC BY-NC-SA 3.0 BR","","Atribuição-Uso não-comercial-Compartilhamento pela mesma licença 3.0 Brasil","pt-br"
"licenses","3.0","by-nc-sa","ca","https://creativecommons.org/licenses/by-nc-sa/3.0/ca/","CC BY-NC-SA 3.0 CA","","Attribution-NonCommercial-ShareAlike 3.0 Canada","en"
"licenses","3.0","by-nc-sa","ch","https://creativecommons.org/licenses/by-nc-sa/3.0/ch/","CC BY-NC-SA 3.0 CH","","Namensnennung – Nicht-kommerziell – Weitergabe unter gleichen Bedingungen (by-nc-sa) 3.0 Schweiz","de"
"licenses","3.0","by-nc-sa","cl","https://creativecommons.org/licenses/by-nc-sa/3.0/cl/","CC BY-NC-SA 3.0 CL","","Atribución - NoComercial - CompartirIgual 3.0 Chile","es"
"licenses","3.0","by-nc-sa","cn","https://creativecommons.org/licenses/by-nc-sa/3.0/cn/","CC BY-NC-SA 3.0 CN","","署名-非商业性使用-相同方式共享 3.0中国大陆","zh-hans"
"licenses","3.0","by-nc-sa","cr","https://creativecommons.org/licenses/by-nc-sa/3.0/cr/","CC BY-NC-SA 3.0 CR","","Atribución – NoComercial – CompartirIgual 3.0 Costa Rica","es"
"licenses","3.0","by-nc-sa","cz","https://creativecommons.org/licenses/by-nc-sa/3.0/cz/","CC BY-NC-SA 3.0 CZ","","Uveďte autora-Neužívejte komerčně-Zachovejte licenci 3.0 Česko","cs"
"licenses","3.0","by-nc-sa","de","https://creativecommons.org/licenses/by-nc-sa/3.0/de/","CC BY-NC-SA 3.0 DE","CC-BY-NC-SA-3.0-DE","Namensnennung - Keine kommerzielle Nutzung - Weitergabe unter gleichen Bedingungen 3.0 Deutschland","de"
"licenses","3.0","by-nc-sa","ec","https://creativecommons.org/licenses/by-nc-sa/3.0/ec/","CC BY-NC-SA 3.0 EC","","Reconocimiento – No Comercial – Compartir Igual 3.0 Ecuador","es"
"licenses","3.0","by-nc-sa","ee","https://creativecommons.org/licenses/by-nc-sa/3.0/ee/","CC BY-NC-SA 3.0 EE","","Autorile viitamine-Mitteäriline eesmärk-Jagamine samadel tingimustel 3.0 Eesti","et"
"licenses","3.0","by-nc-sa","eg","https://creativecommons.org/licenses/by-nc-sa/3.0/eg/","CC BY-NC-SA 3.0 EG","","نسب المصنف - غير تجاري – الترخيص بالمثل 3.0 مصر","ar"
"licenses","3.0","by-nc-sa","es","https://creativecommons.org/licenses/by-nc-sa/3.0/es/","CC BY-NC-SA 3.0 ES","","Reconocimiento-NoComercial-CompartirIgual 3.0 España","es"
"licenses","3.0","by-nc-sa","fr","https://creativecommons.org/licenses/by-nc-sa/3.0/fr/","CC BY-NC-SA 3.0 FR","","Creative Commons Attribution Pas d'Utilisation Commerciale Partage à l'Identique 3.0 France","fr"
"licenses","3.0","by-nc-sa","ge","https://creativecommons.org/licenses/by-nc-sa/3.0/ge/","CC BY-NC-SA 3.0 GE","","Attribution-NonCommercial-ShareAlike 3.0 Georgia","en"
"licenses","3.0","by-nc-sa","gr","https://creativecommons.org/licenses/by-nc-sa/3.0/gr/","CC BY-NC-SA 3.0 GR","","Αναφορά-Μη-Εμπορική Χρήση-Παρόμοια Διανομή 3.0 Ελλάδα","el"
"licenses","3.0","by-nc-sa","gt","https://creativecommons.org/licenses/by-nc-sa/3.0/gt/","CC BY-NC-SA 3.0 GT","","Reconocimiento – No Comercial – Compartir Igual 3.0 Guatemala","es"
"licenses","3.0","by-nc-sa","hk","https://creativecommons.org/licenses/by-nc-sa/3.0/hk/","CC BY-NC-SA 3.0 HK","","Attribution-NonCommercial-ShareAlike 3.0 Hong Kong","en"
"licenses","3.0","by-nc-sa","hr","https://creativecommons.org/licenses/by-nc-sa/3.0/hr/","CC BY-NC-SA 3.0 HR","","Imenovanje-Nekomercijalno-Dijeli pod istim uvjetima 3.0 Hrvatska","hr"
"licenses","3.0","by-nc-sa","ie","https://creativecommons.org/licenses/by-nc-sa/3.0/ie/","CC BY-NC-SA 3.0 IE","","Attribution-NonCommercial-ShareAlike 3.0 Ireland","en"
"licenses","3.0","by-nc-sa","igo","https://creativecommons.org/licenses/by-nc-sa/3.0/igo/","CC BY-NC-SA 3.0 IGO","CC-BY-NC-SA-3.0-IGO","Attribution-NonCommercial-ShareAlike 3.0 IGO","en"
"licenses","3.0","by-nc-sa","it","https://creativecommons.org/licenses/by-nc-sa/3.0/it/","CC BY-NC-SA 3.0 IT","","Attribuzione - Non commerciale - Condividi allo stesso modo 3.0 Italia","it"
"licenses","3.0","by-nc-sa","lu","https://creativecommons.org/licenses/by-nc-sa/3.0/lu/","CC BY-NC-SA 3.0 LU","","Paternité - Pas d'Utilisation Commerciale - Partage à l'identique 3.0 Luxembourg","fr"
"licenses","3.0","by-nc-sa","nl","https://creativecommons.org/licenses/by-nc-sa/3.0/nl/","CC BY-NC-SA 3.0 NL","","Naamsvermelding-NietCommercieel-GelijkDelen 3.0","nl"
"licenses","3.0","by-nc-sa","no","https://creativecommons.org/licenses/by-nc-sa/3.0/no/","CC BY-NC-SA 3.0 NO","","Navngivelse-Ikkekommersiell-DelPåSammeVilkår 3.0 Norge","no"
"licenses","3.0","by-nc-sa","nz","https://creativecommons.org/licenses/by-nc-sa/3.0/nz/","CC BY-NC-SA 3.0 NZ","","Attribution-NonCommercial-ShareAlike 3.0 New Zealand","en"
"licenses","3.0","by-nc-sa","ph","https://creativecommons.org/licenses/by-nc-sa/3.0/ph/","CC BY-NC-SA 3.0 PH","","Attribution-NonCommercial-ShareAlike 3.0 Philippines","en"
"licenses","3.0","by-nc-sa","pl","https://creativecommons.org/licenses/by-nc-sa/3.0/pl/","CC BY-NC-SA 3.0 PL","","Uznanie autorstwa - Użycie niekomercyjne - Na tych samych warunkach 3.0 Polska","pl"
"licenses","3.0","by-nc-sa","pr","https://creativecommons.org/licenses/by-nc-sa/3.0/pr/","CC BY-NC-SA 3.0 PR","","Reconocimiento - No Comercial - Compartir Igual 3.0 Puerto Rico","es"
"licenses","3.0","by-nc-sa","pt","https://creativecommons.org/licenses/by-nc-sa/3.0/pt/","CC BY-NC-SA 3.0 PT","","Atribuição – NãoComercial – CompartilhaIgual 3.0 Portugal","pt"
"licenses","3.0","by-nc-sa","ro","https://creativecommons.org/licenses/by-nc-sa/3.0/ro/","CC BY-NC-SA 3.0 RO","","Atribuire–Necomercial–Distribuire în Condiţii Identice 3.0 România","ro"
"licenses","3.0","by-nc-sa","rs","https://creativecommons.org/licenses/by-nc-sa/3.0/rs/","CC BY-NC-SA 3.0 RS","","Autorstvo-Nekomercijalno-Deliti pod istim uslovima 3.0 Srbija","sr-latn"
"licenses","3.0","by-nc-sa","sg","https://creativecommons.org/licenses/by-nc-sa/3.0/sg/","CC BY-NC-SA 3.0 SG","","Attribution-NonCommercial-ShareAlike 3.0 Singapore","en"
"licenses","3.0","by-nc-sa","th","https://creativecommons.org/licenses/by-nc-sa/3.0/th/","CC BY-NC-SA 3.0 TH","","Attribution-NonCommercial-ShareAlike 3.0 Thailand","en"
"licenses","3.0","by-nc-sa","tw","https://creativecommons.org/licenses/by-nc-sa/3.0/tw/","CC BY-NC-SA 3.0 TW","","姓名標示─非商業性─相同方式分享 3.0 台灣","zh-hant"
"licenses","3.0","by-nc-sa","ug","https://creativecommons.org/licenses/by-nc-sa/3.0/ug/","CC BY-NC-SA 3.0 UG","","Attribution-NonCommercial-ShareAlike 3.0 Uganda","en"
"licenses","3.0","by-nc-sa","us","https://creativecommons.org/licenses/by-nc-sa/3.0/us/","CC BY-NC-SA 3.0 US","","Attribution-NonCommercial-ShareAlike 3.0 United States","en"
"licenses","3.0","by-nc-sa","ve","https://creativecommons.org/licenses/by-nc-sa/3.0/ve/","CC BY-NC-SA 3.0 VE","","Atribución-NoComercial-CompartirIgual 3.0 Venezuela","es"
"licenses","3.0","by-nc-sa","vn","https://creativecommons.org/licenses/by-nc-sa/3.0/vn/","CC BY-NC-SA 3.0 VN","","Attribution-NonCommercial-ShareAlike 3.0 Vietnam","en"
"licenses","3.0","by-nc-sa","za","https://creativecommons.org/licenses/by-nc-sa/3.0/za/","CC BY-NC-SA 3.0 ZA","","Attribution-NonCommercial-ShareAlike 3.0 South Africa","en"
"licenses","3.0","by-nd","","https://creativecommons.org/licenses/by-nd/3.0/","CC BY-ND 3.0","CC-BY-ND-3.0","Attribution-NoDerivs 3.0 Unported","en"
"licenses","3.0","by-nd","am","https://creativecommons.org/licenses/by-nd/3.0/am/","CC BY-ND 3.0 AM","","Attribution-NoDerivs 3.0 Armenia","en"
"licenses","3.0","by-nd","at","https://creativecommons.org/licenses/by-nd/3.0/at/","CC BY-ND 3.0 AT","","Namensnennung - Keine Bearbeitungen 3.0 Österreich","de"
"licenses","3.0","by-nd","au","https://creativecommons.org/licenses/by-nd/3.0/au/","CC BY-ND 3.0 AU","","Attribution-NoDerivs 3.0 Australia","en"
"licenses","3.0","by-nd","az","https://creativecommons.org/licenses/by-nd/3.0/az/","CC BY-ND 3.0 AZ","","Müəllifliyin müəyyən edilməsi, qeyri-törəmə 3.0 Azərbaycan","az"
"licenses","3.0","by-nd","br","https://creativecommons.org/licenses/by-nd/3.0/br/","CC BY-ND 3.0 BR","","Atribuição-Vedada a criação de obras derivadas 3.0 Brasil","pt-br"
"licenses","3.0","by-nd","ca","https://creativecommons.org/licenses/by-nd/3.0/ca/","CC BY-ND 3.0 CA","","Attribution-NoDerivs 3.0 Canada","en"
"licenses","3.0","by-nd","ch","https://creativecommons.org/licenses/by-nd/3.0/ch/","CC BY-ND 3.0 CH","","Namensnennung – Keine Bearbeitung (by-nd) 3.0 Schweiz","de"
"licenses","3.0","by-nd","cl","https://creativecommons.org/licenses/by-nd/3.0/cl/","CC BY-ND 3.0 CL","","Atribución - SinDerivadas 3.0 Chile","es"
"licenses","3.0","by-nd","cn","https://creativecommons.org/licenses/by-nd/3.0/cn/","CC BY-ND 3.0 CN","","署名-禁止演绎 3.0中国大陆","zh-hans"
"licenses","3.0","by-nd","cr","https://creativecommons.org/licenses/by-nd/3.0/cr/","CC BY-ND 3.0 CR","","Atribución – SinDerivadas 3.0 Costa Rica","es"
"licenses","3.0","by-nd","cz","https://creativecommons.org/licenses/by-nd/3.0/cz/","CC BY-ND 3.0 CZ","","Uveďte autora-Nezasahujte do díla 3.0 Česko","cs"
"licenses","3.0","by-nd","de","https://creativecommons.org/licenses/by-nd/3.0/de/","CC BY-ND 3.0 DE","CC-BY-ND-3.0-DE","Namensnennung - Keine Bearbeitungen 3.0 Deutschland","de"
"licenses","3.0","by-nd","ec","https://creativecommons.org/licenses/by-nd/3.0/ec/","CC BY-ND 3.0 EC","","Reconocimiento – Sin Obras Derivadas 3.0 Ecuador","es"
"licenses","3.0","by-nd","ee","https://creativecommons.org/licenses/by-nd/3.0/ee/","CC BY-ND 3.0 EE","","Autorile viitamine -Tuletatud teoste keeld 3.0 Eesti","et"
"licenses","3.0","by-nd","eg","https://creativecommons.org/licenses/by-nd/3.0/eg/","CC BY-ND 3.0 EG","","نسب المصنف – منع الاشتقاق 3.0 مصر","ar"
"licenses","3.0","by-nd","es","https://creativecommons.org/licenses/by-nd/3.0/es/","CC BY-ND 3.0 ES","","Reconocimiento-SinObrasDerivadas 3.0 España","es"
"licenses","3.0","by-nd","fr","https://creativecommons.org/licenses/by-nd/3.0/fr/","CC BY-ND 3.0 FR","","Creative Commons Attribution Pas de Modification 3.0 France","fr"
"licenses","3.0","by-nd","ge","https://creativecommons.org/licenses/by-nd/3.0/ge/","CC BY-ND 3.0 GE","","Attribution-NoDerivs 3.0 Georgia","en"
"licenses","3.0","by-nd","gr","https://creativecommons.org/licenses/by-nd/3.0/gr/","CC BY-ND 3.0 GR","","Αναφορά-Όχι Παράγωγο Έργο 3.0 Ελλάδα","el"
"licenses","3.0","by-nd","gt","https://creativecommons.org/licenses/by-nd/3.0/gt/","CC BY-ND 3.0 GT","","Reconocimiento - Sin Obras Derivadas 3.0 Guatemala","es"
"licenses","3.0","by-nd","hk","https://creativecommons.org/licenses/by-nd/3.0/hk/","CC BY-ND 3.0 HK","","Attribution-NoDerivs 3.0 Hong Kong","en"
"licenses","3.0","by-nd","hr","https://creativecommons.org/licenses/by-nd/3.0/hr/","CC BY-ND 3.0 HR","","Imenovanje-Bez prerada 3.0 Hrvatska","hr"
"licenses","3.0","by-nd","ie","https://creativecommons.org/licenses/by-nd/3.0/ie/","CC BY-ND 3.0 IE","","Attribution-NoDerivs 3.0 Ireland","en"
"licenses","3.0","by-nd","igo","https://creativecommons.org/licenses/by-nd/3.0/igo/","CC BY-ND 3.0 IGO","","Attribution-NoDerivs 3.0 IGO","en"
"licenses","3.0","by-nd","it","https://creativecommons.org/licenses/by-nd/3.0/it/","CC BY-ND 3.0 IT","","Attribuzione - Non opere derivate 3.0 Italia","it"
"licenses","3.0","by-nd","lu","https://creativecommons.org/licenses/by-nd/3.0/lu/","CC BY-ND 3.0 LU","","Paternité - Pas de Modification 3.0 Luxembourg","fr"
"licenses","3.0","by-nd","nl","https://creativecommons.org/licenses/by-nd/3.0/nl/","CC BY-ND 3.0 NL","","Naamsvermelding-GeenAfgeleideWerken 3.0","nl"
"licenses","3.0","by-nd","no","https://creativecommons.org/licenses/by-nd/3.0/no/","CC BY-ND 3.0 NO","","Navngivelse-IngenBearbeidelse 3.0 Norge","no"
"licenses","3.0","by-nd","nz","https://creativecommons.org/licenses/by-nd/3.0/nz/","CC BY-ND 3.0 NZ","","Attribution-NoDerivs 3.0 New Zealand","en"
"licenses","3.0","by-nd","ph","https://creativecommons.org/licenses/by-nd/3.0/ph/","CC BY-ND 3.0 PH","","Attribution-NoDerivs 3.0 Philippines","en"
"licenses","3.0","by-nd","pl","https://creativecommons.org/licenses/by-nd/3.0/pl/","CC BY-ND 3.0 PL","","Uznanie autorstwa - Bez utworów zależnych 3.0 Polska","pl"
"licenses","3.0","by-nd","pr","https://creativecommons.org/licenses/by-nd/3.0/pr/","CC BY-ND 3.0 PR","","Reconocimiento - Sin Obras Derivadas 3.0 Puerto Rico","es"
"licenses","3.0","by-nd","pt","https://creativecommons.org/licenses/by-nd/3.0/pt/","CC BY-ND 3.0 PT","","Atribuição – SemDerivados 3.0 Portugal","pt"
"licenses","3.0","by-nd","ro","https://creativecommons.org/licenses/by-nd/3.0/ro/","CC BY-ND 3.0 RO","","Atribuire–Fără Modificări 3.0 România","ro"
"licenses","3.0","by-nd","rs","https://creativecommons.org/licenses/by-nd/3.0/rs/","CC BY-ND 3.0 RS","","Autorstvo-Bez prerada 3.0 Srbija","sr-latn"
"licenses","3.0","by-nd","sg","https://creativecommons.org/licenses/by-nd/3.0/sg/","CC BY-ND 3.0 SG","","Attribution-NoDerivs 3.0 Singapore","en"
"licenses","3.0","by-nd","th","https://creativecommons.org/licenses/by-nd/3.0/th/","CC BY-ND 3.0 TH","","Attribution-NoDerivs 3.0 Thailand","en"
"licenses","3.0","by-nd","tw","https://creativecommons.org/licenses/by-nd/3.0/tw/","CC BY-ND 3.0 TW","","姓名標示─禁止改作 3.0 台灣","zh-hant"
"licenses","3.0","by-nd","ug","https://creativecommons.org/licenses/by-nd/3.0/ug/","CC BY-ND 3.0 UG","","Attribution-NoDerivs 3.0 Uganda","en"
"licenses","3.0","by-nd","us","https://creativecommons.org/licenses/by-nd/3.0/us/","CC BY-ND 3.0 US","","Attribution-NoDerivs 3.0 United States","en"
"licenses","3.0","by-nd","ve","https://creativecommons.org/licenses/by-nd/3.0/ve/","CC BY-ND 3.0 VE","","Atribución-SinDerivadas 3.0 Venezuela","es"
"licenses","3.0","by-nd","vn","https://creativecommons.org/licenses/by-nd/3.0/vn/","CC BY-ND 3.0 VN","","Attribution-NoDerivs 3.0 Vietnam","en"
"licenses","3.0","by-nd","za","https://creativecommons.org/licenses/by-nd/3.0/za/","CC BY-ND 3.0 ZA","","Attribution-NoDerivs 3.0 South Africa","en"
"licenses","3.0","by-sa","","https://creativecommons.org/licenses/by-sa/3.0/","CC BY-SA 3.0","CC-BY-SA-3.0","Attribution-ShareAlike 3.0 Unported","en"
"licenses","3.0","by-sa","am","https://creativecommons.org/licenses/by-sa/3.0/am/","CC BY-SA 3.0 AM","","Attribution-ShareAlike 3.0 Armenia","en"
"licenses","3.0","by-sa","at","https://creativecommons.org/licenses/by-sa/3.0/at/","CC BY-SA 3.0 AT","CC-BY-SA-3.0-AT","Namensnennung - Weitergabe unter gleichen Bedingungen 3.0 Österreich","de"
"licenses","3.0","by-sa","au","https://creativecommons.org/licenses/by-sa/3.0/au/","CC BY-SA 3.0 AU","","Attribution-ShareAlike 3.0 Australia","en"
"licenses","3.0","by-sa","az","https://creativecommons.org/licenses/by-sa/3.0/az/","CC BY-SA 3.0 AZ","","Müəllifliyin müəyyən edilməsi, bərabər istifadə hüquqlu 3.0","az"
"licenses","3.0","by-sa","br","https://creativecommons.org/licenses/by-sa/3.0/br/","CC BY-SA 3.0 BR","","Atribuição-Compartilhamento pela mesma licença 3.0 Brasil","pt-br"
"licenses","3.0","by-sa","ca","https://creativecommons.org/licenses/by-sa/3.0/ca/","CC BY-SA 3.0 CA","","Attribution-ShareAlike 3.0 Canada","en"
"licenses","3.0","by-sa","ch","https://creativecommons.org/licenses/by-sa/3.0/ch/","CC BY-SA 3.0 CH","","Namensnennung – Weitergabe unter gleichen Bedingungen (by-sa) 3.0 Schweiz","de"
"licenses","3.0","by-sa","cl","https://creativecommons.org/licenses/by-sa/3.0/cl/","CC BY-SA 3.0 CL","","Atribución - CompartirIgual 3.0 Chile","es"
"licenses","3.0","by-sa","cn","https://creativecommons.org/licenses/by-sa/3.0/cn/","CC BY-SA 3.0 CN","","署名-相同方式共享 3.0中国大陆","zh-hans"
"licenses","3.0","by-sa","cr","https://creativecommons.org/licenses/by-sa/3.0/cr/","CC BY-SA 3.0 CR","","Atribución – CompartirIgual 3.0 Costa Rica","es"
"licenses","3.0","by-sa","cz","https://creativecommons.org/licenses/by-sa/3.0/cz/","CC BY-SA 3.0 CZ","","Uveďte autora- Zachovejte licenci 3.0 Česko","cs"
"licenses","3.0","by-sa","de","https://creativecommons.org/licenses/by-sa/3.0/de/","CC BY-SA 3.0 DE","CC-BY-SA-3.0-DE","Namensnennung - Weitergabe unter gleichen Bedingungen 3.0 Deutschland","de"
"licenses","3.0","by-sa","ec","https://creativecommons.org/licenses/by-sa/3.0/ec/","CC BY-SA 3.0 EC","","Reconocimiento – Compartir Igual 3.0 Ecuador","es"
"licenses","3.0","by-sa","ee","https://creativecommons.org/licenses/by-sa/3.0/ee/","CC BY-SA 3.0 EE","","Autorile viitamine-Jagamine samadel tingimustel 3.0 Eesti","et"
"licenses","3.0","by-sa","eg","https://creativecommons.org/licenses/by-sa/3.0/eg/","CC BY-SA 3.0 EG","","نسب المصنف – الترخيص بالمثل 3.0 مصر","ar"
"licenses","3.0","by-sa","es","https://creativecommons.org/licenses/by-sa/3.0/es/","CC BY-SA 3.0 ES","","Reconocimiento-CompartirIgual 3.0 España","es"
"licenses","3.0","by-sa","fr","https://creativecommons.org/licenses/by-sa/3.0/fr/","CC BY-SA 3.0 FR","","Creative Commons Attribution Partage à l'Identique 3.0 France","fr"
"licenses","3.0","by-sa","ge","https://creativecommons.org/licenses/by-sa/3.0/ge/","CC BY-SA 3.0 GE","","Attribution-ShareAlike 3.0 Georgia","en"
"licenses","3.0","by-sa","gr","https://creativecommons.org/licenses/by-sa/3.0/gr/","CC BY-SA 3.0 GR","","Αναφορά-Παρόμοια Διανομή 3.0 Ελλάδα","el"
"licenses","3.0","by-sa","gt","https://creativecommons.org/licenses/by-sa/3.0/gt/","CC BY-SA 3.0 GT","","Reconocimiento – Compartir Igual 3.0 Guatemala","es"
"licenses","3.0","by-sa","hk","https://creativecommons.org/licenses/by-sa/3.0/hk/","CC BY-SA 3.0 HK","","Attribution-ShareAlike 3.0 Hong Kong","en"
"licenses","3.0","by-sa","hr","https://creativecommons.org/licenses/by-sa/3.0/hr/","CC BY-SA 3.0 HR","","Imenovanje-Dijeli pod istim uvjetima 3.0 Hrvatska","hr"
"licenses","3.0","by-sa","ie","https://creativecommons.org/licenses/by-sa/3.0/ie/","CC BY-SA 3.0 IE","","Attribution-ShareAlike 3.0 Ireland","en"
"licenses","3.0","by-sa","igo","https://creativecommons.org/licenses/by-sa/3.0/igo/","CC BY-SA 3.0 IGO","CC-BY-SA-3.0-IGO","Attribution-ShareAlike 3.0 IGO","en"
"licenses","3.0","by-sa","it","https://creativecommons.org/licenses/by-sa/3.0/it/","CC BY-SA 3.0 IT","","Attribuzione - Condividi allo stesso modo 3.0 Italia","it"
"licenses","3.0","by-sa","lu","https://creativecommons.org/licenses/by-sa/3.0/lu/","CC BY-SA 3.0 LU","","Paternité - Partage à l'identique 3.0 Luxembourg","fr"
"licenses","3.0","by-sa","nl","https://creativecommons.org/licenses/by-sa/3.0/nl/","CC BY-SA 3.0 NL","","Naamsvermelding-GelijkDelen 3.0","nl"
"licenses","3.0","by-sa","no","https://creativecommons.org/licenses/by-sa/3.0/no/","CC BY-SA 3.0 NO","","Navngivelse-DelPåSammeVilkår 3.0 Norge","no"
"licenses","3.0","by-sa","nz","https://creativecommons.org/licenses/by-sa/3.0/nz/","CC BY-SA 3.0 NZ","","Attribution-ShareAlike 3.0 New Zealand","en"
"licenses","3.0","by-sa","ph","https://creativecommons.org/licenses/by-sa/3.0/ph/","CC BY-SA 3.0 PH","","Attribution-ShareAlike 3.0 Philippines","en"
"licenses","3.0","by-sa","pl","https://creativecommons.org/licenses/by-sa/3.0/pl/","CC BY-SA 3.0 PL","","Uznanie autorstwa - Na tych samych warunkach 3.0 Polska","pl"
"licenses","3.0","by-sa","pr","https://creativecommons.org/licenses/by-sa/3.0/pr/","CC BY-SA 3.0 PR","","Reconocimiento - Compartir Igual 3.0 Puerto Rico","es"
"licenses","3.0","by-sa","pt","https://creativecommons.org/licenses/by-sa/3.0/pt/","CC BY-SA 3.0 PT","","Atribuição – CompartilhaIgual 3.0 Portugal","pt"
"licenses","3.0","by-sa","ro","https://creativecommons.org/licenses/by-sa/3.0/ro/","CC BY-SA 3.0 RO","","Atribuire–Distribuire în Condiţii Identice 3.0 România","ro"
"licenses","3.0","by-sa","rs","https://creativecommons.org/licenses/by-sa/3.0/rs/","CC BY-SA 3.0 RS","","Autorstvo-Deliti pod istim uslovima 3.0 Srbija","sr-latn"
"licenses","3.0","by-sa","sg","https://creativecommons.org/licenses/by-sa/3.0/sg/","CC BY-SA 3.0 SG","","Attribution-ShareAlike 3.0 Singapore","en"
"licenses","3.0","by-sa","th","https://creativecommons.org/licenses/by-sa/3.0/th/","CC BY-SA 3.0 TH","","Attribution-ShareAlike 3.0 Thailand","en"
"licenses","3.0","by-sa","tw","https://creativecommons.org/licenses/by-sa/3.0/tw/","CC BY-SA 3.0 TW","","姓名標示─相同方式分享 3.0 台灣","zh-hant"
"licenses","3.0","by-sa","ug","https://creativecommons.org/licenses/by-sa/3.0/ug/","CC BY-SA 3.0 UG","","Attribution-ShareAlike 3.0 Uganda","en"
"licenses","3.0","by-sa","us","https://creativecommons.org/licenses/by-sa/3.0/us/","CC BY-SA 3.0 US","","Attribution-ShareAlike 3.0 United States","en"
"licenses","3.0","by-sa","ve","https://creativecommons.org/licenses/by-sa/3.0/ve/","CC BY-SA 3.0 VE","","Atribución-CompartirIgual 3.0 Venezuela","es"
"licenses","3.0","by-sa","vn","https://creativecommons.org/licenses/by-sa/3.0/vn/","CC BY-SA 3.0 VN","","Attribution-ShareAlike 3.0 Vietnam","en"
"licenses","3.0","by-sa","za","https://creativecommons.org/licenses/by-sa/3.0/za/","CC BY-SA 3.0 ZA","","Attribution-ShareAlike 3.0 South Africa","en"
"licenses","4.0","by","","https://creativecommons.org/licenses/by/4.0/","CC BY 4.0","CC-BY-4.0","Attribution 4.0 International","en"
"licenses","4.0","by-nc","","https://creativecommons.org/licenses/by-nc/4.0/","CC BY-NC 4.0","CC-BY-NC-4.0","Attribution-NonCommercial 4.0 International","en"
"licenses","4.0","by-nc-nd","","https://creativecommons.org/licenses/by-nc-nd/4.0/","CC BY-NC-ND 4.0","CC-BY-NC-ND-4.0","Attribution-NonCommercial-NoDerivatives 4.0 International","en"
"licenses","4.0","by-nc-sa","","https://creativecommons.org/licenses/by-nc-sa/4.0/","CC BY-NC-SA 4.0","CC-BY-NC-SA-4.0","Attribution-NonCommercial-ShareAlike 4.0 International","en"
"licenses","4.0","by-nd","","https://creativecommons.org/licenses/by-nd/4.0/","CC BY-ND 4.0","CC-BY-ND-4.0","Attribution-NoDerivatives 4.0 International","en"
"licenses","4.0","by-sa","","https://creativecommons.org/licenses/by-sa/4.0/","CC BY-SA 4.0","CC-BY-SA-4.0","Attribution-ShareAlike 4.0 International","en"
"publicdomain","1.0","certification","us","https://creativecommons.org/publicdomain/certification/1.0/us/","CERTIFICATION 1.0 US","CC-PDDC","Copyright-Only Dedication (based on United States law) or Public Domain Certification 1.0 United States","en"
"publicdomain","1.0","mark","","https://creativecommons.org/publicdomain/mark/1.0/","PDM 1.0","CC-PDM-1.0","Public Domain Mark 1.0 Universal","en"
"publicdomain","1.0","zero","","https://creativecommons.org/publicdomain/zero/1.0/","CC0 1.0","CC0-1.0","CC0 1.0 Universal","en"
